:020000040800F2
:100000000033002005010008233F00081B320008D0
:10001000213F0008CD0D0008154400080000000035
:100020000000000000000000000000004D3F00083C
:10003000E70F000800000000253F00087D3F000892
:100040001F0100081F0100081F0100081F01000810
:100050001F0100081F0100081F0100081F01000800
:100060001F0100081F0100081F010008A50F00085C
:100070001F0100081F0100081F0100081F010008E0
:10008000B10F00081F0100087D0C00081F010008C7
:100090001F0100081F0100081F0100081F010008C0
:1000A0001F0100081F0100081F0100081F010008B0
:1000B0001F0100081F0100081F0100081F010008A0
:1000C0001F0100081F0100081F0100081F01000890
:1000D0001F010008614300081F0100086D4300086C
:1000E0001F0100081F0100081F010008DFF810D0E1
:1000F00000F086FD004800475D680008AFF300800F
:10010000003300200648804706480047FEE7FEE728
:10011000FEE7FEE7FEE7FEE7FEE7FEE7FEE7FEE7B7
:10012000F93F0008ED0000082DE9F0410024061B0E
:10013000254671F1000605DA01240027D0EB0700FF
:1001400067EB0101161E73F1000605DA0027D2EBFA
:100150000702012567EB030300F0BCFB86460E4651
:1001600017469C46AC4204D00025D0EB050E65EB4B
:10017000010624B10020D2EB000760EB030C7046AF
:1001800031463A466346BDE8F081202A04DB203A36
:1001900021FA02F00021704721FA02F3D040C2F1A7
:1001A0002002914008431946704710B5431A934204
:1001B00009D28318881803E010F8011D03F8011D07
:1001C000521EF9D210BD40EA01039B0703D009E09B
:1001D00008C9121F08C0042AFAD203E011F8013B33
:1001E00000F8013B521EF9D210BDD2B201E000F876
:1001F000012B491EFBD270470022F6E710B51346CB
:100200000A4604461946FFF7F0FF204610BD30B5F8
:1002100005462A460B4612F8010B13F8014B08B1AC
:10022000A042F8D01CB1002802D06D1CF1E728468E
:1002300030BDCAB2401E10F8011F8A4202D0002908
:10024000F9D100207047421C10F8011B0029FBD196
:10025000801A704710B5002200E0521C835C8C5C51
:10026000A34201D1002BF8D1D8B2E1B2401A10BD9F
:1002700030B504460020034600E05B1C934203D2E5
:10028000E05CCD5C401BF8D030BDF0B480EA0102E8
:10029000D40F4200B2EB410F02D20246084611468B
:1002A0004A0042D0C30DDDB2C1F3C752AD1A202DB2
:1002B00035DAC1F3160141F4000204B15242C5F12E
:1002C000200602FA06F12A411044B3EBD05F23D096
:1002D000C4B1012DA0EBC35009DCF0BC4FF00042CB
:1002E00002EAC352DBB200F5000000F04EBB400052
:1002F00000F1807000EBC350A0F1807040EAD17033
:10030000490009E0490841EAC071A0EBC35000F57B
:100310000000400800EBC350F0BC00F02DBB614270
:10032000012202EB4101001BF6E7F0BC704781F0AF
:100330000041AAE780F00040A7E780EA010210B57B
:1003400002F00043400022D04A001FD0010E01EB12
:100350001261C0F35600C2F3560240F4000042F4AA
:100360000002A0FB022000047F39140400D0401CCE
:1003700050EA124001D44000491EC2B20C0604EB00
:10038000D010401C4008802A02D003E0002010BD9D
:1003900020F00100002900DA0020184310BD30B41D
:1003A00080EA010202F0004530F0004221F00040F6
:1003B00013D090B1C30DD40DC2F31601C0F31600D3
:1003C000E41A41F4000140F400027D34914201D36B
:1003D000641C00E04900002C02DA30BC00207047A9
:1003E0004FF400000023914201D3891A03434008CF
:1003F0004FEA4101F7D151B1914202D14FF0004192
:1004000005E002D24FF0010101E06FF0010103EBC2
:10041000C450284430BC00F0AFBA420005D0C0F34D
:10042000C7525242914201DC0020704700EBC1509C
:1004300070472DE9FE4F804681EA0300C00F0C464D
:10044000009021F0004123F00045B8EB0200A941E3
:1004500005D24046214690461C460B46024623F0F4
:100460000040104347D0270DC7F30A00C3F30A51D9
:100470000290401A019040286BDAC3F3130040F455
:10048000801B0098924620B10023D2EB030A63EB55
:100490000B0B01985946C0F14002504600F04BFA50
:1004A00006460D4650465946019A00F053FA10EBA5
:1004B00008006141002487EA115284EAE7731A4375
:1004C00040D0009A62B3019A012A4FEA075215DC24
:1004D000001B61EB02014FF0004202EA0752CDE936
:1004E0000042001C41F5801132462B4600F08AFA8A
:1004F00003B0BDE8F08F40462146F9E7001B61EBF1
:100500000201001C41F5801300185B412018A2F580
:10051000001747EB030140EAD570B6196D4111E0B1
:100520006D084FEA360645EAC0754FEA0752001BD0
:1005300061EB0201001C41F5801149084FEA3000CF
:100540000019514132462B4603B0BDE8F04F00F090
:100550004ABA0098012240000023D0EB020263EB6C
:10056000E073009821464FEAE074B8EB000061EBBD
:100570000401E9E783F000435BE781F0004158E7BD
:100580002DE9FE4F81EA030404F0004421F000410C
:1005900000944FF0000B23F0004350EA01045ED0BA
:1005A00052EA03045BD0C3F30A54C1F30A552C4446
:1005B000A4F2F3340194A0FB0254C1F3130141F4FB
:1005C0008011C3F3130343F4801301FB024400FBC7
:1005D000034E840A970A44EA815447EA8357A4FBEE
:1005E000076802958D0A05FB07854FEA932C04FBEB
:1005F0000C542705029D4FEA065847EA1637B5EB1B
:1006000008056EEB070C870E920E47EA811742EA47
:100610008312A7FB0201B6EB0B0164EB00042B0D68
:1006200043EA0C335E1844EB1C50DA465146E7FBB4
:100630000201C5F313044FEA0B3343EA14534FEAA4
:100640000432019C43EA0603A4F10C040294009CCA
:10065000CDE900B400F0D6F903B0BDE8F08F00207A
:100660000146F9E72DE9F04D81EA030404F0004B5F
:1006700021F0004514464FF0000A23F0004150EAF3
:10068000050220D054EA01021DD0C5F30A570246E4
:10069000C5F31303C1F31300C1F30A5640F48015E8
:1006A00043F48013A7EB0608101BD64608F2FD386A
:1006B00073EB050002D308F1010801E092185B41D9
:1006C000B8F1000F03DA00200146BDE8F08D0020EC
:1006D0004FF48011064684460EE0171B73EB0507A6
:1006E00005D3121B63EB050306434CEA010C4908D2
:1006F0004FEA300092185B4150EA0107EDD152EA0F
:10070000030012D082EA040083EA0501084305D001
:10071000101BAB4106D20122002306E000224FF05D
:10072000004302E06FF0010253101AEB06004CEB9D
:10073000085110EB0A0041EB0B01BDE8F04D00F051
:1007400052B9C10F80EAE0700844CA07962300211D
:1007500000F01BB996230022114600F016B90EB521
:10076000C10F80EAE0700844CA07002140F2334319
:100770008DE80E000A460B4600F044F903B000BDB8
:1007800000F0004220F00040C10DC0F3160040F41C
:1007900000007F2901DA00207047962903DCC1F1AF
:1007A0009601C84001E096398840002AF4D04042C2
:1007B000704720F00040C10DC0F3160040F4000067
:1007C0007F2901DA00207047962903DCC1F19601E8
:1007D000C840704796398840704770B5C1F30A52D7
:1007E00001F000450024C1F3130140F2FF3341F44E
:1007F00080119A4201DA002070BD40F233439A42E0
:10080000A2F2334203DC5242FFF7BFFC00E090400B
:100810002C43F1D0404270BDC1F30A5210B5C1F370
:10082000130140F2FF3341F480119A4201DA0020B3
:1008300010BD40F233439A42A2F2334203DC5242EB
:10084000FFF7A3FC10BD904010BD00F0004230F057
:1008500000400AD0C10D01F56071C0F3160042EAF4
:100860000151C208400711437047002001467047FC
:1008700001F0004330B421F0004150EA010206D0FB
:100880000A0DA2F56072C1F31301002A02DC30BC2C
:1008900000207047440F44EAC104C100E01830BC96
:1008A00000EBC25000F068B830B50B46014600209E
:1008B0002022012409E021FA02F59D4205D303FA22
:1008C00002F5491B04FA02F52844151EA2F10102A3
:1008D000F1DC30BD2DE9F05F0546002092469B46D5
:1008E00088460646814640241BE028464146474646
:1008F0002246FFF74AFC53465A46C01A914110D38C
:1009000011461846224600F016F82D1A67EB01082A
:100910004F4622460120002100F00DF817EB000998
:100920004E41201EA4F10104DFDC484631462A4630
:100930004346BDE8F09F202A04DB203A00FA02F18A
:10094000002070479140C2F1200320FA03F31943BD
:1009500090407047202A06DBCB17203A41FA02F07C
:1009600043EAE07306E041FA02F3D040C2F120020C
:1009700091400843194670470029A8BF7047401CA2
:10098000490008BF20F00100704710B4B0FA80FCA5
:1009900000FA0CF050EA010404BF10BC704749B1E2
:1009A000CCF1200421FA04F411FA0CF118BF012152
:1009B00021430843A3EB0C01CB1D4FEA00614FEA32
:1009C000102042BF002010BC704700EBC350104401
:1009D0000029A4BF10BC7047401C490008BF20F08C
:1009E000010010BC704710B5141E73F1000408DA42
:1009F000401C41F1000192185B411A4301D120F0E3
:100A0000010010BD2DE9F04D92469B4611B1B1FA9F
:100A100081F202E0B0FA80F220329046FFF78BFFBD
:100A200004460F4640EA0A0041EA0B0153465A4683
:100A3000084313D0114653EA010019D0C8F140020F
:100A40005046FFF7A2FB05460E4650465946424621
:100A5000FFF771FF084305D0012004E02046394626
:100A6000BDE8F08D0020054346EAE0762C4337438D
:100A70000A986305E40AA0EB08000022FD0A44EA94
:100A800047540A3002D500200146E9E70105101954
:100A90006941DDE9084500196941BDE8F04DA2E76B
:100AA00070B521F0004303430CD0C1F30A55002474
:100AB000D5EB040564EB0403D617AD1AB34102DB92
:100AC0000020014670BD201841EB025170BD2DE998
:100AD000F04D00231A461B1A8A4103DB0020014611
:100AE000BDE8F08DC1F30A52C1F3130141F4801542
:100AF0004FF0000BD10702D100186D41521E0027A4
:100B0000044640F2FF11384601EB620A3E46804639
:100B1000024600204FF48011FFF737FBC2197141E4
:100B2000BB1846EB0100B4EB030C75EB000C04D3CF
:100B3000E41A65EB000517460E46241908F101007A
:100B40006D4180463428E3DDF91946EB0600091BA8
:100B5000A84103D24FF0FF32134601E000221346B2
:100B60001BEB070046EB0A51BDE8F04DFFF73BBF1A
:100B7000C1F30A52C1F3130140F2FF3341F4801173
:100B80009A4202DA00200146704740F233439A420B
:100B9000A2F2334202DC5242FFF7F7BAFFF7CBBEB4
:100BA00030B5041E71F1000404DB4FF000444042F4
:100BB00064EB0101141E73F1000405DB1C464FF0C9
:100BC0000043524263EB04038B4208BF824230BDB4
:100BD00030B5041E71F1000404DB4FF000444042C4
:100BE00064EB0101141E73F1000405DB1C464FF099
:100BF0000043524263EB0403994208BF904230BD68
:100C0000064C074D06E0E06840F0010394E8070059
:100C100098471034AC42F6D3FFF76CFA649E000894
:100C2000849E000870B58C1810F8015B15F007035E
:100C300001D110F8013B2A1106D110F8012B03E075
:100C400010F8016B01F8016B5B1EF9D12B0705D47D
:100C50000023521E0DD401F8013BFAE710F8013BC6
:100C6000CB1A921C03E013F8015B01F8015B521EE2
:100C7000F9D5A142D8D3002070BD0000014800F092
:100C800050BA0000F010002070B50446006881687A
:100C9000C943C90717D1816821F00101816000F0C3
:100CA0009DFE05460AE000BF00F098FE401B0228AA
:100CB00004D920688068C043C00706D020688068D7
:100CC000C043C007F0D0002070BDA06A40F0100003
:100CD000A062E06A40F00100E062012070BD10B542
:100CE0000146406A826A12F0500F05D0006A026B1A
:100CF000BDE8104008461047816A41F400718162E6
:100D000001688968C1F3424107290CD1017B51B9BF
:100D1000816A21F480718162816AC90403D4816A85
:100D200041F00101816200F0F9F910BD10B5406A8F
:100D3000816A41F040018162C16A41F00401C162EF
:100D400000F0EEF910BD10B5406A00F0E8F910BDF2
:100D5000F8B500260446009600688168C943C907B3
:100D60002DD0816841F00101816016481649006864
:100D7000B0FBF1F000E0401E00900028FBD100F035
:100D80002DFE054616E000BF00F028FE401B02289D
:100D900010D920688068C043C0070BD0A06A40F01B
:100DA0001000A062E06A40F00100E06284F8246074
:100DB0000120F8BD20688068C043C007E4D100204E
:100DC000F8BD00001400002040420F00FEE70000C4
:100DD0000EB50848011F0A1F0092CDE90110A0F6C8
:100DE000AC70131F00F5FA62D0F8C01F05F02EFE9C
:100DF0000EBD0000BC10002070B51648002401682C
:100E000021F00F010160016841F008010160124DFD
:100E100004E0641CE4B2012000F0E6F8D5F82001FB
:100E200010B1642CF5D30DE0642C0BD2002404E047
:100E3000641CE4B2012000F0D7F8D5F8200118B105
:100E4000642C04D3012070BD642CF1D3FAE7002098
:100E500070BD0000040801400000214230B585B09B
:100E6000002002900F48816941F00401816180698E
:100E70004FF4807400F0040004900120CDE900409C
:100E80000320094D03906946284600F0B1FC012279
:100E90002146284600F09CFD00F066F8FFF7ACFF05
:100EA00005B030BD001002400008014070B50024BC
:100EB000104D04E0641CE4B2012000F095F8D5F870
:100EC000200108B1642CF5D3002404E0641CE4B2D2
:100ED000012000F089F8D5F8200108B9642CF5D379
:100EE000282000F081F8D5F82001002800D001204A
:100EF00070BD00000000214270B50020044640068D
:100F0000050EFFF7D3FF641C2843E4B2082CF6D388
:100F100070BD00002DE9FC410D46064600F024F8A6
:100F2000FFF76AFFE8B900244FEA0D07FFF7E4FF77
:100F30003855641CE4B2052CF8D39DF800109DF8D8
:100F400001009DF803300A189DF8020003441A447A
:100F50009DF804309A4204D1297030700020BDE819
:100F6000FC810120FBE700000C4810B5016821F06E
:100F70000F010160016841F003010160084C00208D
:100F8000C4F8A001142004F5D07400F01FFC012067
:100F90002060BDE810401E2000F026B80408014083
:100FA00000002142014800F001BB00002011002098
:100FB000014800F0FBBA0000E412002030B590F8C0
:100FC00040500124AC40C56B6C60046863604368AA
:100FD000102B036803D099600068C26030BD9A602E
:100FE0000068C16030BD704770B54FF6FA75094EA4
:100FF000281A84B230684462304601F06FFD3068D0
:1010000001E0416A8CB2AC42FBD3BDE870400148BC
:1010100001F08CBDB811002072B6FEE770470000E9
:10102000F8B50024009490F824202546012A12D017
:10103000012280F824204A681F23072A0DD206685F
:10104000776B521E02EB820293409F430B689340E2
:101050001F43776319E00220F8BD06680D2A0AD203
:10106000376BD21F02EB820293409F430B68934081
:101070001F43376309E0F76A0D3A02EB820293409F
:101080009F430B6893401F43F7620A680723066873
:101090000A2A0AD3F7680A3A02EB420293409F43B6
:1010A0008B6893401F43F76008E0376902EB420208
:1010B00093409F438B6893401F4337610A68102A0F
:1010C00001D0112A20D1124B02689A4217D193689D
:1010D0001B0219D4936843F4000393600968102934
:1010E00012D10C490C4A0968B1FBF2F101EB810104
:1010F000490000E0491E00910029FBD104E0816A0B
:1011000041F020018162012480F824502046F8BD7E
:10111000002401401400002040420F007047704737
:10112000704770B50446006806684568A90625D56D
:10113000B10723D5A16AC90603D4A16A41F400719D
:10114000A1628168C1F34241072910D1217B71B9A5
:10115000416821F020014160A06A20F48070A06203
:10116000A06AC00403D4A06A40F00100A062204637
:10117000FFF7D4FF21686FF01200086028062ED513
:1011800070072CD5A06AC00603D4A06A40F40050B2
:10119000A06220688168C1F30231072909D0416843
:1011A000490515D48168C1F34241072910D1217B3B
:1011B00071B9416821F080014160A06A20F480503B
:1011C000A062A06AC00503D4A06A40F00100A0623A
:1011D0002046FFF723FF21686FF00C0008606806C7
:1011E0000CD5F0070AD0A06A40F48030A0622046F7
:1011F00000F094F821686FF00100086070BD0000F5
:101200002DE9F0414FF0000704003D467ED0A06A72
:10121000002628B9E66284F82460204600F080F8B1
:101220002046FFF731FDA16AC90600D420B1A06AAB
:1012300040F01000A06269E0A16A21F4885141F0F9
:101240000201A1626268E169237B0A4347EA430124
:101250000A43A1684FF48077B94209D0012907D029
:101260005FF0000194F814C0BCF1010F02D00AE055
:101270003946F7E7F3B1A36A43F02003A362E36AB8
:1012800043F00103E3622368D3F804C02CF4694CF3
:101290004CEA010CC3F804C021688B68DFF870C009
:1012A00003EA0C0313438B60A168B9420BD00129F8
:1012B00009D00CE0DFF85CC0A3690CEB43330B43AF
:1012C00043F40061DFE7218A0D05A5F5801521684B
:1012D000CB6A23F470032B43CB62216889680E4BE1
:1012E0001940914208D1E662A16A21F0020141F061
:1012F0000101A162BDE8F081A06A20F0020040F087
:101300001000A062E06A40F00100E0620120F1E715
:10131000FDF7E1FF00E0FFFFFE0E1FFF704700003A
:1013200070B586B000260546009601960296039693
:1013300000681E49884237D11D49886940F4007011
:101340008861886900F400700490886940F00400A6
:1013500088618869694600F00400049001200090CB
:1013600003200190134800F043FA144C1248C4E9DA
:1013700000068020C4E90260800020618000606176
:101380002020A061C001E061204600F0B9F908B159
:10139000FFF742FE2C62002202211220656200F05B
:1013A000FFFF122000F0EEFF06B070BD00240140E8
:1013B00000100240000801400800024020110020F7
:1013C0002DE9F047894604463B4900683B4F0E1D16
:1013D0009046884201D0B84207D1306810F4702F8F
:1013E00003D001252846BDE8F08794F824000128A1
:1013F0000CD0012084F824002046FFF7A9FC05004A
:101400004FF0000004D084F82400EBE70220EAE764
:10141000A16A40F60162914341F48071A1622168A2
:10142000B94218D1326812F4702F14D0A16A41F475
:101430008011A1623168490505D5A16A21F40051E6
:1014400041F48051A162A16AC9040AD5E16A21F080
:101450000601E16206E0A26A22F48012A2624968F3
:10146000E9E7E06284F82400216A15488862216A6D
:101470001448C862216A1448086321686FF00200AA
:1014800008602068816841F480718160216843466A
:101490004A464C31206A00F061F920688168C1F346
:1014A00042410729816803D041F48011816099E7A6
:1014B00041F4A001FAE700000024014000280140A7
:1014C000DF0C0008470D00082D0D000810B590F83E
:1014D00021100022022905D00421816380F82020F8
:1014E000012010BD01680B6823F00E030B6001683A
:1014F0000B6823F001030B6090F84030C46B0121AE
:1015000001FA03F3636080F8211080F82020104670
:1015100010BD000010B590F821100024022903D05E
:101520000421816301243DE001680A6822F00E0273
:101530000A6001680A6822F001020A601A4A01681A
:10154000914201D1012121E0174A1432914201D187
:1015500010211BE0144A2832914201D1891515E06F
:10156000114A3C32914201D189140FE00E4A5032A7
:10157000914202D14FF4803108E00B4A643291422B
:1015800002D14FF4801101E04FF08071064A083A11
:101590005160012180F82110002180F82010416B5A
:1015A00001B18847204610BD080002402DE9F05FD8
:1015B000C16B0C6801680B68D0F840C0042202FAC5
:1015C0000CF2494DDFF824A1494E4A4FDFF828B10B
:1015D000DFF828E122422CD05A072AD50A68920661
:1015E00003D40A6822F004020A600168A94201D10A
:1015F000042219E0514501D1402215E0B14202D147
:101600004FF4806210E0B94202D14FF480420BE007
:10161000594502D14FF4802206E0714502D14FF4C2
:10162000800201E04FF080622F4908394A60C16AA8
:101630003BE04FF0020808FA0CF818EA040F4FF0EC
:1016400000094FF0010235D05FEA837832D50B688C
:101650009B0605D40B6823F00A030B6080F8212059
:101660000168A94201D1022219E0514501D120228D
:1016700015E0B14202D14FF4007210E0B94202D13C
:101680004FF400520BE0594502D14FF4003206E00E
:10169000714502D14FF4001201E04FF0007212497F
:1016A00008394A6080F82090816A00291AD0BDE884
:1016B000F05F0847082505FA0CF5254212D01B07F4
:1016C00010D50B6823F00E030B6090F84010C36B2D
:1016D00002FA01F15960826380F8212080F820909D
:1016E000016BE2E7BDE8F09F080002401C000240E9
:1016F0003000024044000240580002406C000240AA
:1017000030B528B308C8134914221944B1FBF2F1CB
:101710008900C16310498163022141771A6843F649
:10172000F0718A43D0E900142143D0E902452C43EB
:1017300021430469214344692143846921431143BE
:10174000196000214163012242770177084630BDCC
:10175000012030BDF8FFFDBF0000024070B5044617
:1017600090F82000002501280CD0012084F82000EA
:1017700094F821600020012E06D084F82000022574
:10178000284670BD022070BD022684F82160A06347
:101790002068066826F0010606602046FFF70EFC6A
:1017A000E06A00282068016802D041F00E0106E0DE
:1017B00021F0040101602068016841F00A01016024
:1017C0002068016841F001010160D9E770B5044665
:1017D00000F004F90546601C02D004480078044477
:1017E00000F0FCF8401BA042FAD370BD08000020B6
:1017F0002DE9F84FDFF8B8910024A9F1040B234636
:101800000F2709F1040AABF1040EC9E00125A54038
:101810002A40AA427DD1674ED1F804C0ACEB06083D
:10182000B44532D014DCBCF1030F3AD009DCBCF172
:10183000000F2AD0BCF1010F1CD0BCF1020F31D136
:101840001DE0BCF1110F17D0BCF1120F2AD119E025
:10185000B8F5881F19D006DCB8F5803F15D0B8F56B
:10186000801F1FD111E0B8F5001F0ED0B8F5041F7E
:1018700018D10AE0CB6815E0CB681B1D12E0CB68DD
:1018800008330FE0CB680C330CE08B682BB1012BD5
:101890004FF0080303D0456104E0042302E0056132
:1018A00000E00023FF2A01D8064601E000F104060B
:1018B0004FEA840501D9A5F12005D6F8008007FA82
:1018C00005FC28EA0C0803FA05F548EA0508C6F8FD
:1018D00000804D68ED0062D5374DAE6946F00106D7
:1018E000AE61AD6924F0030605F001050095334DA6
:1018F00006EB050CDCF80850A607360F07FA06F8C9
:1019000025EA0805DFF8B880404503D14FF000080C
:1019100017E044E0DFF8AC80404502D14FF0010809
:101920000FE0DFF8A480404502D14FF0020808E044
:10193000DFF89880404502D14FF0030801E04FF0F6
:10194000040808FA06F848EA0508CCF808804D684B
:10195000D9F80060ED024D4601D5164300E09643EC
:101960002E604D68DAF80060AD02554601D5164389
:1019700000E096432E604D68DBF80060AD035D46E5
:1019800001D5164300E096432E604D68DEF80060F6
:10199000ED03754601D5164300E096432E60641CA6
:1019A0000D682A46E5407FF431AFBDE8F88F0000AE
:1019B0000804014000001110001002400000014026
:1019C00000080140000C01400010014000140140DB
:1019D0000AB1016170470904FBE700000148806813
:1019E000704700000800002070B5040025D094F86E
:1019F0003D00002520B984F83C50204600F03CFC16
:101A0000242084F83D002068016821F00101016074
:101A10002068016841F4004101602068016821F4F8
:101A20000041016000F0FAFD4D4A6168914201D821
:101A30004C4900E04C49884201D2012070BD4B491D
:101A40002368B0FBF1F15E6826F03F060E435E604E
:101A50006368934206D94FF4967359434FF47A73EF
:101A6000B1FBF3F12368491C1E6A26F03F0631439F
:101A700019626168914210D84900401EB0FBF1F232
:101A8000521CC2F30B02042A01D2042022E0B0FB54
:101A9000F1F0401CC0F30B001CE0A268F2B301EBB4
:101AA000C10303EB0116431EB3FBF6F35B1C43F4C7
:101AB00080431B0549D092B301EBC10202EB011137
:101AC000401EB0FBF1F0401CC0F30B0040F480401E
:101AD00040F400402168CA694CF6FF739A431043F2
:101AE000C861D4E9071001432068026822F0C002EF
:101AF00011430160D4E9030101432068826848F280
:101B0000FF339A4311438160D4E9050108432168FA
:101B1000CA6822F0FF021043C86001E00EE016E040
:101B20002068016841F0010101602564202084F8EB
:101B30003D00256384F83E50002070BD01EB410656
:101B4000431EB3FBF6F35B1CB3E70120C2E701EBD6
:101B50004101401EB0FBF1F0401CC0F30B00B7E7A1
:101B6000A086010080841E0000093D0040420F0055
:101B70002DE9F84F0025DDF82890984617468A464B
:101B800004460095FFF72AFF064694F83D002028FA
:101B90007AD11923012286492046009601F018FDCA
:101BA0000028F5D194F83C0001286DD0012084F87C
:101BB0003C0020680168C90703D1016841F00101B8
:101BC00001602068016821F400610160222084F82E
:101BD0003D00102084F83E0025646762A4F82A8046
:101BE000608D20857348E06233464A465146204660
:101BF00001F02CFB00287CD1208DDFF8BC81202750
:101C000068B1012814D00228206801681ED041F470
:101C1000806101602068416980690090BBE02068B4
:101C2000416981690091016841F400710160B2E08D
:101C30002068016821F48061016072B62068416902
:101C400081690091016841F400710AE041F400618A
:101C5000016072B62068416981690091016821F4D0
:101C60008061016062B696E0032865D801280CD037
:101C700002284B464FF000024146204600960BD00A
:101C800001F0A6FCA8BB0CE090E032464946204695
:101C900001F044FD68BB71E001F09AFC48BB72B6EC
:101CA00033E02068016821F48061016072B6206829
:101CB0000069616A0870606A401C6062208D401E85
:101CC0002085608D401E60853C4846F2A811006862
:101CD000B0FBF1F0C0EBC00000EB80000090401EB4
:101CE000009007D020684069C04340070DD5009898
:101CF000F5E727E044F8305F6773A573206940F08B
:101D00002000206162B625731CE02068016841F460
:101D10000071016020680069616A0870606A401C97
:101D20006062218D491E2185618D491E618562B6E3
:101D300021680969017025E032464946204601F0D4
:101D4000EDFC10B10120BDE8F88F20680069616AE0
:101D50000870606A401C6062208D401E81B221853F
:101D6000608D401E608520684269D243520712D4BC
:101D7000032903D1016821F48061016020680069B2
:101D8000616A0870606A401C6062208D401E208578
:101D9000608D401E6085208D00287FF465AF84F83B
:101DA0003D7084F83E5084F83C50CCE70220CAE7EE
:101DB000020010000000FFFF0400010014000020DA
:101DC0002DE9F84F1F4690468A460446DDF82890D4
:101DD000FFF704FE054694F83D0020287FD1192323
:101DE000012240492046009501F0F2FB002876D1FF
:101DF00094F83C00012872D0012084F83C0020684F
:101E00000168C90703D1016841F001010160206840
:101E1000016821F400610160212084F83D00102058
:101E200084F83E0000262664C4F824806785608D0F
:101E300020852D48E0622B464A465146204601F057
:101E40007BFA90B9206841698069009036E02A46A3
:101E50004946204601F09AFC50B1206C042804D178
:101E60002068016841F4007101600120BDE8F88F2D
:101E7000606A216800780861606A401C6062618D58
:101E8000491E6185218D491E89B2218522685369C9
:101E9000DB435B070BD451B100781061606A401CD2
:101EA0006062608D401E6085208D401E20852A4620
:101EB0004946204601F060FB0028CED1208D002845
:101EC000C5D154F83D0B016841F400710160202038
:101ED00004F81E09E67766770020C7E7FFE70220CF
:101EE000C4E70000020010000000FFFF2DE9FF4FD3
:101EF00083B00025DDE910799A4693460446DDF863
:101F000048800095FFF76AFD064694F83D002028BA
:101F10007CD11923012288492046009601F058FB04
:101F20000028F5D194F83C0001286FD0012084F8F6
:101F30003C0020680168C90703D1016841F0010134
:101F400001602068016821F400610160222084F8AA
:101F50003D00402084F83E0025646762A4F82A9082
:101F6000608D20857548E062CDE9008653465A466B
:101F70002046049901F02EFA00287CD1208DDFF84C
:101F8000C091202768B1012814D002282068016878
:101F90001ED041F480610160206841698069009031
:101FA000BCE02068416981690091016841F40071D9
:101FB0000160B3E02068016821F48061016072B6BD
:101FC0002068416981690091016841F400710AE06B
:101FD00041F40061016072B6206841698169009135
:101FE000016821F48061016062B697E0032865D83A
:101FF00001280CD0022843464FF0000249462046F3
:1020000000960BD001F0E4FAA8BB0CE091E0324658
:102010004146204601F082FB68BB72E001F0D8FA2D
:1020200048BB72B633E02068016821F4806101602A
:1020300072B620680069616A0870606A401C60625C
:10204000208D401E2085608D401E60853D4846F2F3
:10205000A8110068B0FBF1F0C0EBC00000EB8000FD
:102060000090401E009007D020684069C0434007A0
:102070000DD50098F5E727E044F8305F6773A57346
:10208000206940F02000206162B625731CE02068C2
:10209000016841F40071016020680069616A08709C
:1020A000606A401C6062218D491E2185618D491E38
:1020B000618562B621680969017026E032464146B1
:1020C000204601F02BFB18B1012007B0BDE8F08FCE
:1020D00020680069616A0870606A401C6062208D37
:1020E000401E81B22185608D401E60852068426956
:1020F000D243520712D4032903D1016821F480612D
:10210000016020680069616A0870606A401C606252
:10211000208D401E2085608D401E6085208D00280A
:102120007FF464AF84F83D7084F83E5084F83C50EE
:10213000CBE70220C9E70000020010000000FFFF0B
:1021400004000100140000202DE9FF4F83B09A46DF
:10215000DDE9119793460446DDF84080FFF73EFC29
:10216000054694F83D0020287FD1192301224049DB
:102170002046009501F02CFA002876D194F83C0016
:10218000012872D0012084F83C0020680168C9074A
:1021900003D1016841F0010101602068016821F468
:1021A00000610160212084F83D00402084F83E0059
:1021B00000262664C4F82480A4F82A90608D208527
:1021C0002C48E062CDE9007553465A4620460499F2
:1021D00001F07EF970B930E02A463946204601F018
:1021E000D5FA58B1206C042804D12068016841F464
:1021F00000710160012007B0BDE8F08F606A2168BE
:1022000000780861606A401C6062218D491E89B2B5
:102210002185628D521E628522685369DB435B070C
:102220000BD469B100781061606A401C6062208D37
:10223000401E2085608D401E6085208D0028CBD1FA
:102240002A463946204601F097F90028CAD154F8A9
:102250003D0B016841F400710160202004F81E0963
:10226000E67766770020C6E7FFE70220C3E70000B5
:10227000020010000000FFFF10B586B000210091A1
:1022800001910291039100680F4988421AD10F4CC5
:10229000A06940F00800A061A069694600F008004C
:1022A0000490C02000901220019003200390084861
:1022B000FFF79EFAE06940F40010E061E06900F485
:1022C0000010049006B010BD005400400010024001
:1022D000000C014002488168027811448160704717
:1022E00008000020074810B5016841F010010160A6
:1022F000032000F075F8002000F006F800F024F844
:10230000002010BD0020024070B50D4D04464FF472
:102310007A712878B1FBF0F00A490968B1FBF0F056
:1023200000F052FB48B9102C07D200222146501E63
:1023300000F036F800206C6070BD012070BD000018
:1023400008000020140000200C4808B5816941F005
:1023500001018161816901F001010091C16941F0D0
:102360008051C161C06900F080500090044841680C
:1023700021F0E06141F00071416008BD00100240B1
:1023800000000140002809DB00F01F0201219140FC
:102390004009800000F1E020C0F800117047000003
:1023A000F0B40E4B1B680C46C3F30223C3F10705C0
:1023B000042D00D90425191D072901D2002300E0AE
:1023C000DB1E012606FA05F1491E214099409E4078
:1023D000761E16403143F0BC02F060B80CED00E010
:1023E000064900F0070208684FF6FF03184040EA6C
:1023F0000220034A10430860704700000CED00E023
:102400000000FA052DE9F84305460078354CC00771
:1024100054D0E0690026C00008D4E06940F0805044
:10242000E061E069012600F0805000902E480168CC
:10243000C90512D40168804641F480710160FFF73C
:10244000CDFA074605E000BFFFF7C8FAC01B6428B5
:1024500023D8D8F80000C005F6D5206A10F44070E3
:1024600021D0A98801F4407181421CD0206A1F4903
:10247000012220F440700A6000220A602062C00736
:1024800011D0FFF7ABFA074641F2883808E000BFE9
:10249000FFF7A4FAC11B414502D90320BDE8F88328
:1024A000206A8007F4D5206A696820F440700843E8
:1024B00020621EB1E06920F08050E061287880073A
:1024C00005D56068A96820F440400843606028781A
:1024D000C00605D56068E96820F4800008436060A4
:1024E0000020DBE700100240007000404004424240
:1024F0002DE9F0470F46050061D0434E306800F0EB
:102500000700B84209D2306820F007003843306035
:10251000306800F00700B84251D128683B4C810771
:1025200012D5400703D5606840F4E0606060287809
:10253000000703D5606840F4605060606068A96877
:1025400020F0F000084360602878C00728D0686851
:10255000012810D02168022810D0890700292EDA1E
:10256000616821F0030101436160FFF737FA80469B
:1025700041F288390DE021688903EFE78901EDE731
:10258000FFF72CFAA0EB0801494502D90320BDE86A
:10259000F0876068696800F00C00B0EB810FEFD144
:1025A000306800F00700B8420BD9306820F007000F
:1025B00038433060306800F00700B84201D0012095
:1025C000E5E72878400705D56068E96820F4E06011
:1025D000084360602878000706D56068296920F400
:1025E000605040EAC100606000F038F86168084A55
:1025F000C1F30311515CC8400649086006480068F1
:10260000FFF782FE0020C2E70020024000100240D7
:10261000FE8E0008140000200C000020044805492C
:1026200000684968044AC1F30221515CC840704700
:1026300014000020001002400E8F000804480549D5
:1026400000684968044AC1F3C221515CC840704720
:1026500014000020001002400E8F00080E4A51683E
:102660000E4801F00C03042B11D0082B0FD10C489D
:10267000C1F38343C903C05C0AD55168084AC1F35A
:102680004041921E515C054A5043B0FBF1F0704747
:1026900004494843704700000010024000127A00CD
:1026A000EE8E000800093D002DE9F84F040070D0BF
:1026B0002078C04DC00749D06868C0F38100012868
:1026C00007D06868C0F38100022809D16868C00398
:1026D00006D52868800339D560680028E7D035E042
:1026E0006068B0F5803F0BD010B1B0F5A02F11D0CD
:1026F000286820F480302860286820F4802002E0D8
:10270000286840F480302860606890B1FFF766F96F
:1027100006460AE0286840F480202860F0E700BF01
:10272000FFF75CF9801B642873D828688003F7D50D
:102730000CE0FFF753F9064605E000BFFFF74EF93E
:10274000801B6428F0D828688003F7D420789A4E3C
:1027500080074FF001094FF0000839D5686810F084
:102760000C0F07D06868C0F38100022809D168689F
:10277000C00306D42868800714D52069012808D131
:1027800010E02069B0B1C6F80090FFF727F90746BE
:1027900005E00AE1FFF722F9C01B0228C4D8286827
:1027A0008007F7D52868616920F0F80040EAC10089
:1027B00028600DE0C6F80080FFF710F9074604E036
:1027C000FFF70CF9C01B022823D828688007F7D42C
:1027D000207800072CD57948A169D9B1C0F80090BC
:1027E000FFF7FCF8074604E0FFF7F8F8C01B0228E3
:1027F0000FD8686A8007F7D571484FF4FA5100681E
:10280000B0FBF1F0009000BF0098411E0091FAD299
:102810000EE080E0C0F80080FFF7E0F8074604E033
:10282000FFF7DCF8C01B022875D8686A8007F7D468
:102830002078400760D5E8690027C00008D4E8691F
:1028400040F08050E861E869012700F08050009076
:102850005C480168C90513D40168834641F480715E
:102860000160FFF7BBF8824606E000BFFFF7B6F84D
:10287000A0EB0A0064284ED8DBF80000C005F5D5AF
:10288000E06801280AD008B1052813D0286A20F092
:1028900001002862286A20F0040002E0286A40F063
:1028A00001002862E06841F2883B98B1FFF796F892
:1028B00082460BE0286A40F004002862EEE700BF81
:1028C000FFF78CF8A0EB0A0159455AD8286A80070F
:1028D000F6D50CE0FFF782F8824605E0FFF77EF8B8
:1028E000A0EB0A0159454CD8286A8007F6D41FB1DD
:1028F000E86920F08050E861E06988B36968C1F355
:102900008101022944D00228C6F8608004D0FFF774
:1029100065F8044638E034E0FFF760F8074604E065
:10292000FFF75CF8C01B02282BD828688001F7D479
:10293000206AB0F5803F05D16868A16820F40030B6
:1029400008436860D4E908010843696821F47411F8
:1029500008436860C6F86090FFF740F8044606E058
:1029600025E000BFFFF73AF8001B022809D82868C5
:102970008001F7D51BE000BFFFF730F8001B0228ED
:1029800002D90320BDE8F88F28688001F4D40EE056
:102990000128F7D06868226A00F48031914204D19E
:1029A000616A00F47010884201D00120EAE700203B
:1029B000E8E700000010024000004242800442426A
:1029C000140000200070004010B5401EB0F1807F60
:1029D00001D3012010BD4FF0E02460610F2160178A
:1029E00001F05CFD0020A06107202061002010BDE7
:1029F00070B590F83C20012A26D0012480F83C4094
:102A0000022280F83D2003685A689D6822F0700613
:102A10000A6832435A600D4B02689A4208D0B2F1FC
:102A2000804F05D00A4B9A4202D00A4B9A4204D1F9
:102A3000496825F080031943916080F83D400021EA
:102A400080F83C10084670BD022070BD002C01408B
:102A5000000400400008004010B5040003D094F8C2
:102A60003D0010B107E0012010BD002084F83C00BB
:102A7000204600F01FF8022084F83D00211D206848
:102A800001F0BCFA012084F8460084F83E0084F886
:102A90003F0084F8400084F8410084F8420084F844
:102AA000430084F8440084F8450084F83D00002089
:102AB00010BD000008B500680649884208D10648E4
:102AC000816941F400618161806900F400600090D7
:102AD00008BD0000002C01400010024090F83D109D
:102AE000012901D001207047022180F83D100068C3
:102AF0000B49884208D0B0F1804F05D0094988427F
:102B000002D00949884204D1816801F007010629F1
:102B100003D0016841F0010101600020704700000E
:102B2000002C0140000400400008004001680A6ACF
:102B300041F211131A4207D10A6A9B101A4203D1BB
:102B40000A6822F001020A60012180F83D1000208D
:102B5000704770B5044690F83C000025012817D056
:102B6000012684F83C60022084F83D0020688268D9
:102B700022F0770222F47F4282600868502838D021
:102B80000DDC20284FD005DC90B3102811D14AE08D
:102B9000022070BD302846D040280AD13BE0602892
:102BA0002FD070280DD0B0F5805F03D0B0F5005F56
:102BB00012D0012584F83D60002084F83C002846AE
:102BC00070BDCB68D1E90121206801F053FA20687B
:102BD000816841F0770109E0CB68D1E901212068E3
:102BE00001F048FA2068816841F480418160E1E7A2
:102BF00019E0CA684968206801F04EFA502120683F
:102C000006E0CA684968206801F057FA6021206828
:102C100001F03AFACEE7CA684968206801F03CFA48
:102C200040212068F4E7226801461046F0E770472B
:102C300070470000F8B5016804460868CA684B6927
:102C400010F00F0F4FF0000559D003F0010602F409
:102C50009077374365D0C10705D0D10503D5616CA6
:102C600041F001016164410705D5D90703D0616CCA
:102C700041F002016164810705D5D90703D0616C79
:102C800041F004016164010707D502F020013143DE
:102C900003D0616C41F008016164616C00293AD095
:102CA000800604D5900602D5204601F047FA206838
:102CB0004069616CC0F38010090700D460B32046FE
:102CC00001F015FA20684069400621D520681430CB
:102CD00050E8001F21F0400140E80012002AF5D121
:102CE000E06BA8B16D494163E06BFEF713FC00286F
:102CF00011D0E06B416B01B0BDE8F040084783069E
:102D00000FD593060DD52046BDE8F84001F016BA60
:102D10002046FFF78DFFF8BD2046FFF789FF656469
:102D2000F8BD266B2023012E7CD1C6067AD5D606A7
:102D300078D508684868009048694FF00206400658
:102D400040D5E16B086840680004000CE8D0A28D13
:102D50008242E5D9E085886920282DD020680C3092
:102D600050E8001F21F4807140E80012002AF5D1DC
:102D70002068143050E8001F21F0010140E80012E3
:102D8000002AF5D12068143050E8001F21F04001DE
:102D900040E80012002AF5D184F84230256320680B
:102DA0000C3050E8001F21F0100140E80012002A0A
:102DB000F5D1E06BFEF78AFB6663A08DE18D401ACA
:102DC00081B22AE0A08DE18D401A81B2E08D002809
:102DD000A6D00029A4D022680C3252E8000F20F4BB
:102DE000907042E80007002FF5D12068143050E8B9
:102DF000002F22F0010240E80027002FF5D184F8CF
:102E00004230256320680C3050E8002F22F0100279
:102E100040E80023002BF5D166632046FFF707FF4B
:102E2000F8BDFFE705062BD5150629D594F8410016
:102E30002128F5D1A068B0F5805F01D12069B0B13B
:102E4000206A411C2162216800784860E08C401EA5
:102E50000004000CE084E3D12068C16821F0800107
:102E6000C1602068C16841F04001C160D8E7206AB4
:102E70000088C0F308004860206A801C2062E5E7F3
:102E80004006CDD55006CBD5CA68204622F0400278
:102E9000CA6084F8413000F0BFF9C1E7DF400008A4
:102EA00070B5040004D094F84100002510B106E08C
:102EB000012070BD84F84050204600F023F8242003
:102EC00084F841002068C16821F40051C1602046A7
:102ED00001F096F92068016921F4904101612068B0
:102EE000416921F02A0141612068C16841F4005123
:102EF000C1606564202084F8410084F84200656365
:102F0000002070BDF0B585B00024009401940294B7
:102F10000394054603684B48DFF824C102210322CD
:102F2000494E0715634525D1836943F48043836186
:102F3000836903F480430493836943F0040383614A
:102F40008069039200F0040004900802CDE90001BA
:102F500069463046FEF74CFCCDE9007469463046C0
:102F60000294FEF745FC002202212520FFF718FA03
:102F7000252062E0DFF8D4C0634535D1C36943F44E
:102F80000033C361C36903F400330493836943F0DE
:102F9000040383618069039200F00400049004201C
:102FA000CDE9000169463046FEF722FC0820CDE954
:102FB0000004694630460294FEF71AFC254E244868
:102FC000C6E900048020C6E90240346180017461D2
:102FD000C6E906403046FEF793FB08B1FEF71CF841
:102FE000EE63756205B0F0BD1B4DAB42FAD1C3690B
:102FF00043F48023C361C36903F48023049383698A
:1030000043F0080383618069CDE9007100F0080096
:10301000CDE90320114D69462846FEF7E9FBE81487
:10302000CDE90004694628460294FEF7E1FB002240
:1030300002212720FFF7B4F92720FFF7A3F9D1E7F2
:1030400000380140001002400008014000440040E8
:103050006C000240E412002000480040000C0140D7
:1030600090F84230202B01D00220704721B11AB1D4
:103070000023036301F020B90120704770B5006898
:10308000304A314990420CD10868304908603049D3
:103090000888401C80B208802E49012201442E4835
:1030A0004AE02E4A00252E4C904233D161782429E3
:1030B00000D165802B4862888154521C96B266808C
:1030C0000278242A07D102794D2A04D14079432875
:1030D00001D10A2908D0C82E01D3C8206080204918
:1030E0000122491C204827E01E4850217938FDF76D
:1030F00083F81C493246A1F17900FDF756F81949C9
:103100000120793981F850006580C8211548FDF704
:1031100073F8E4E7154A904212D10868A060144A97
:10312000A08821781154401C80B2A080FF2800D3D1
:10313000A5800B490F480122BDE87040FFF790BF02
:1031400070BD000000380140100000200400002085
:1031500000000020001200200C120020004400405B
:10316000D4100020352D00205412002000480040CB
:10317000BC2B00209C1200202DE9F843044690F857
:103180004100984616460D46202802D00220BDE890
:10319000F88385B17EB100206064212084F841006D
:1031A000FEF71CFCA6848146E684A0682027B0F5C3
:1031B000805F02D003E00120E9E7206910B12E46CC
:1031C00000250EE000260CE08021204601F08FF85B
:1031D000A8B9C6B116F8010B21684860E08C401E02
:1031E000E084E08C4B464FF00002CDF800800028D0
:1031F000EAD14FF04001204601F079F840B184F85F
:1032000041700320C3E735F8020BC0F30800E3E781
:1032100084F841700020BAE77047FEE701684A6908
:10322000D24352050FD46FF480624A61002140F806
:10323000301F202242738173026942F0040202614E
:103240000173012070470020704700002DE9F84FFE
:103250000446C06A1E4693460D4621680A6842F439
:1032600080620A60082807D0012805D010F5803F49
:1032700002D0206B112804D12068016841F48071CC
:1032800001604FF001195B46002249462046009636
:1032900000F09EF94FF4007840B120680068C00546
:1032A00001D5C4F840800320BDE8F88F2069DFF81D
:1032B00084A0B0F5804F0FD00620216800EAD51712
:1032C00047F0F000086133465A460AF106012046ED
:1032D00000F0C6F958BB03E0E8B240F001001CE082
:1032E0002168E8B2086133465A465146204600F04C
:1032F000B7F9E0B92068416981690091016841F43A
:10330000807101605B46002249462046009600F02D
:103310005FF90028C1D147F0F10021680861334608
:103320005A465146204600F09BF90028BCD00120A7
:10333000BAE7000002000100F8B50446C06A1E4664
:103340000D461746082807D0012805D010F5803F04
:1033500002D0206B122804D12068016841F48071EA
:103360000160134600224FF001112046009600F044
:103370002FF940B120680068C00502D54FF40070F5
:1033800020640320F8BD2069B0F5804F0ED00620E0
:10339000216800EAD51040F0F000086133463A4653
:1033A0000B49204600F05CF978B902E005F0FE0018
:1033B00000E0E8B221680861054933463A46891FB2
:1033C000204600F04DF90028DCD00120F8BD0000B7
:1033D000080001002DE9F84F0446006889460B9D5E
:1033E00001689846174641F48061016020680168D1
:1033F00041F48071016000954FF0011B0022594695
:1034000020460A9B00F0E4F84FF4007A40B12068AF
:103410000068C00501D5C4F840A00320BDE8F88FBE
:10342000216809F0FE0008612B46284920460A9AC7
:1034300000F016F9F0BB20684169806900902A46C7
:1034400020460A9900F0A2F940B1206C04283AD134
:103450002068016841F40071016034E0FEB2B8F107
:10346000010F09D02168380A08612A4620460A99C6
:1034700000F08CF90028E8D1206806612A46204631
:103480000A9900F083F90028DFD12068016841F42F
:103490008071016000950022594620460A9B00F089
:1034A00097F80028B3D1216809F0FF0040F001002F
:1034B000086100E007E02B46044920460A9A00F024
:1034C000CFF80028AAD00120A8E7000002000100E0
:1034D0002DE9F843044600680D46DDE908970168C8
:1034E0009846164641F4807101604B4600224FF029
:1034F00001112046009700F06BF848B12068006881
:10350000C00502D54FF4007020640320BDE8F883A5
:10351000216805F0FE0008613B464A4615492046F1
:1035200000F09EF888B920684169806900903A46A9
:103530004946204600F02AF948B1206C042804D1FD
:103540002068016841F4007101600120DEE7F5B2F6
:10355000B8F1010F09D02168300A08613A4649469E
:10356000204600F013F90028E7D12068056100200B
:10357000CCE700000200010070B516460D46044677
:103580001EE02046FFF74AFE08B1012070BD681C0E
:1035900016D0FEF723FA801BA84200D885B9206810
:1035A0004069C04340070BD5002044F8300F20216C
:1035B0006173A073216941F0200121612073E4E768
:1035C00020684069C0434007DBD4002070BD000084
:1035D0002DE9F047984617460D460446C1F30746C5
:1035E000DDF820902AE000BFB8F1FF3F26D0FEF7BB
:1035F000F5F9A0EB0901414502D8B8F1000F1DD142
:103600002068012E16D0806925EA00000004000C15
:1036100012D00020B84211D1002044F8300F2021F0
:103620006173A073216941F02001216120730120A1
:10363000BDE8F0874069E7E70120EBE72068012E4D
:103640000AD0806925EA00000004000C06D00020A2
:10365000B842C9D00020EBE74069F3E70120F7E763
:103660002DE9F047984616460D4604464FF00009EE
:103670004FF0200AC1F3074723E020684069C043A8
:10368000400515D42068016841F40071016021688B
:103690006FF480604861C4F8309084F83DA084F8ED
:1036A0003E90216C41F00401216484F83C9021E0BB
:1036B000701C06D0FEF792F9A0EB0800B04203D8C8
:1036C00016B1012F1FD021E02068012F15D080698D
:1036D00025EA00000004000C18D000BF44F8309F19
:1036E00084F80DA084F80E90216941F02001216139
:1036F00084F80C900120BDE8F087406925EA0000BD
:103700000004000CEAD12068406901E0206880696B
:1037100025EA00000004000CAFD1ECE72DE9F041F0
:10372000002590460E460446202728E04069C04305
:10373000C0060CD454F8301B6FF01000486144F8F8
:1037400010596777A577206A2062257714E0FEF785
:1037500045F9A0EB0800B04200D886B9206840695E
:10376000C04340060BD544F8305F6773A5732069EA
:1037700040F02000206125730120BDE8F081206821
:103780004169C9434906D1D40020F6E770B5164611
:103790000D4604461EE02046FFF740FD08B101201B
:1037A00070BD681C16D0FEF719F9801BA84200D81E
:1037B00085B920684069C04300060BD5002044F855
:1037C000300F20216173A073216941F02001216134
:1037D0002073E4E720684069C0430006DBD4002082
:1037E00070BD000070B505460846FCF7B8FF4FF005
:1037F00066320A4BFCF7C4FE06460C462846FCF728
:10380000AEFF074A074BFCF7BBFE32462346FCF7E8
:1038100010FEBDE87040FCF7E0BF00006666EE3FBA
:103820009A9999999999A93F70B5094C0025C4F8BE
:10383000BC5104F5DC7400F087F825600220FDF728
:10384000D3FB012060600220FDF7CEFB656070BDF8
:10385000008021420E4810B5816986B041F0080110
:1038600081618069012400F0080004904FF4404019
:10387000CDE900040320039069460648FDF7B8FF30
:103880000548C0F8BC41C0F8B84106B010BD000002
:1038900000100240000C01400080214270B5094C2C
:1038A0000025C4F8BC5104F5DC7400F04DF8012685
:1038B00026600220FDF798FB66600220FDF794FB6E
:1038C000656070BD008021422DE9F04781460024EB
:1038D00000F028F80025124E2F464FF0010800BFD7
:1038E000C6F8BC710220FDF77FFBC6F8BC816006FC
:1038F000040ED6F8380108B1641CE4B20120FDF7CB
:1039000073FB6D1CEDB2082DEAD3B9F1000F04D0A2
:10391000FFF78AFF2046BDE8F087FFF7BFFFF9E712
:10392000008021421FB54FF4804000900320039097
:10393000002001900120029069460248FDF758FFDF
:103940001FBD0000000C01401FB54FF480400090E7
:10395000032003900120019069460248FDF748FFCB
:103960001FBD0000000C01402DE9F0410646FFF7A5
:10397000EBFF0F4C0027C4F8BC713D464FF0010827
:10398000F009C4F8B8017006060E0220FDF72CFB02
:10399000C4F8BC810220FDF727FBC4F8BC710220EB
:1039A000FDF722FB6D1CEDB2082DE9D3BDE8F081D7
:1039B0000080214270B5FFF7C7FF094C0120C4F811
:1039C000B801C4F8BC01042004F5DC74FDF70CFB5D
:1039D000002525600420FDF707FB656070BD000031
:1039E0000080214210B5FFF7AFFF094C0020C4F85A
:1039F000BC01C4F8B801042004F5DC74FDF7F4FA46
:103A0000012060602060BDE810400420FDF7ECBAA2
:103A10000080214270B50024FFF784FF0D4D012680
:103A2000C5F8B8613046FDF7DFFAC5F8BC61012082
:103A3000FDF7DAFA07E0641CE4B2FA2C03D9FFF7C9
:103A4000D1FF012070BDD5F838010028F3D1C5F8A9
:103A5000BC0170BD00802142224800B5816985B05B
:103A600041F0080181618069694600F00800049016
:103A70004FF400500090002001901B48FDF7B8FE65
:103A8000FFF7E8FE00F080F8C021022002F03AFFC4
:103A90000021032002F036FF0021042002F032FF53
:103AA0000021052002F02EFF0021062002F02AFF4F
:103AB0000F21082002F026FF0321092002F022FF37
:103AC00027210A2002F01EFF24210C2002F01AFFF9
:103AD00024210D2002F016FF7F21102002F012FF9A
:103AE00005B000BD00100240000C014030B587B0A9
:103AF0000025234C33E02348D0F834110129FBD0B2
:103B000002A9072002F01DFF9DF808009DF809108A
:103B10008007800B40EA01209DF80A10084304EB5F
:103B20008501C1F8D0079DF80B209DF80C30920755
:103B3000920B42EA03229DF80D301A4344F82520E7
:103B4000D4F8B02F824201D9C4F8B00FD4F8B42F02
:103B5000D1F8D007824201D2C4F8B40F6D1CD4F85A
:103B6000C00FA842C7D804EB8000D0F8CC07009063
:103B7000D4F8A80F0A30C4F8A80F07B030BD000071
:103B8000100100200080214210B54021092002F0E0
:103B9000B9FE4021BDE81040092002F0B3BE7CB55B
:103BA00014460D4606466B4606223B21682000F06F
:103BB0003FF800280BD1BDF8001049BA3180BDF89C
:103BC000021049BA2980BDF8041049BA21807CBD91
:103BD0007CB514460D4606466B46062243216820F6
:103BE00000F026F800280BD1BDF8001049BA31804A
:103BF000BDF8021049BA2980BDF8041049BA2180E5
:103C00007CBD10B500216B2000F030F80721192091
:103C100000F02CF806211A2000F028F818211B20AB
:103C200000F024F80121BDE810401C2000F01EB86F
:103C3000FFB581B045001E4617464FF0FF34012303
:103C400002AA294608480094FEF7BAF840B93B4654
:103C50003246294604480094FDF78AFF002800D028
:103C6000012005B0F0BD0000641100201CB5022346
:103C70008DF804004FF0FF308DF80510009001AA78
:103C8000D0210348FEF79CF8002800D001201CBD7D
:103C9000641100203EB50024104800940194029461
:103CA0000D498460016001250573047505614FF4B9
:103CB00060214460C161FDF7A3FA08B1FDF7ACF9DA
:103CC000CDE90045694605480294FDF7A9F90028A9
:103CD00001D0FDF7A1F93EBD00240140F010002005
:103CE0000D4808B5416941F0010141614069002278
:103CF00000F00100009011460B20FEF751FB0B2055
:103D0000FEF740FB002211461020FEF749FBBDE8FC
:103D100008401020FEF736BB001002402DE9F043AA
:103D200085B000242548009401940294039481698D
:103D300041F020018161816901F0200104918169D4
:103D400041F004018161816901F0040104918169FC
:103D500041F0080181618069DFF8648000F00800AB
:103D60004FF440450490002229464046FDF730FEBE
:103D70000122DFF85090170239464846FDF728FE29
:103D80007801CDE90004694640460294FDF730FD14
:103D90000095032601250396CDE901546946404666
:103DA000FDF726FD00970396CDE901546946484684
:103DB000FDF71EFD05B0BDE8F083000000100240D5
:103DC000000C0140000801400D4810B50B4901608E
:103DD0000C49416000214FF480428160C0E9031228
:103DE00041618161C1610162FDF7FEFD002803D0E0
:103DF000BDE81040FDF710B910BD000000540040B0
:103E000064110020801A060010B586B000241748FF
:103E1000009401940294039404941349059401605E
:103E20004721C0E901144FF6FF71C0E90314446152
:103E30008461FEF711FE08B1FDF7EEF84FF48050F3
:103E4000009069460948FEF784FE08B1FDF7E4F8E2
:103E5000049404A905480594FEF7CAFD002801D082
:103E6000FDF7DAF806B010BD002C0140B8110020B3
:103E70000E4810B50C4901604FF4E131416000215A
:103E800081600C22C160C0E904128161C161FFF749
:103E900007F808B1FDF7C0F804490122BDE8104059
:103EA0000C390248FFF7DCB8003801400C12002042
:103EB0000C4810B50A4901604FF4165141600021C9
:103EC00081600C22C160C0E904128161C161FEF70A
:103ED000E7FF002803D0BDE81040FDF79DB810BDF6
:103EE00000440040541200200C4810B50A490160FB
:103EF0004FF4E1314160002181600C22C160C0E9D2
:103F000004128161C161FEF7CBFF002803D0BDE838
:103F10001040FDF781B810BD004800409C12002001
:103F2000FEE7FEE770470000074890F8AC1F012944
:103F300009D1D0F8A81F782905DAA0F10C029170F8
:103F400090F8A00FD070704710010020704710B596
:103F5000136841F8230010681423401C90FBF3F40D
:103F600003FB140010600022104651F82040401C52
:103F700022441428F9DB92FBF3F010BDFEF7AAB936
:103F800030B593B028216846FCF736F914210AA809
:103F9000FCF732F9002501200F95109511950104C9
:103FA00012958DE8230004904FF4E010CDE908103D
:103FB000022407946846FEF777FB08B172B6FEE765
:103FC0000AA90F2081E831004FF48060CDE90D058A
:103FD00002210AA8FEF78CFA08B172B6FEE74FF488
:103FE000004011900F940FA8FEF70CFA002801D0A2
:103FF00072B6FEE713B030BD70470000F0B502683E
:10400000194B1A4C1A4D4FF08047984205D0B842D0
:1040100003D0A04201D0A84203D122F070064A6822
:104020003243984205D0B84203D0A04201D0A84202
:1040300003D122F44074CA6822434C6922F0800202
:10404000224302608A68C2620A688262984201D191
:1040500009690163012141610169C90703D001694F
:1040600021F001010161F0BD002C0140000400407D
:104070000008004010B5846842EA032224F47F441B
:104080000A432243826010BD826822F070020A4314
:1040900042F007018160704710B5036A046A24F09A
:1040A00001040462846924F0F00444EA021423F059
:1040B0000A020A438461026210BD10B5036A046AF1
:1040C00024F010040462846923F0A00324F47044F3
:1040D00044EA023243EA01118261016210BD10B567
:1040E000406A0021C185C184FEF7A2FD10BD0168B0
:1040F0000C3151E8002F22F4907241E80023002B8C
:10410000F5D10168143151E8002F22F0010241E895
:104110000023002BF5D1016B012909D101680C3175
:1041200051E8002F22F0100241E80023002BF5D1C6
:10413000202180F8421000210163704708B590F8F3
:104140004210222901D0022008BD82684FF480531A
:104150009A4201D1016921B1816A9A421BD04AB1C8
:104160000AE00268816A5268C2F308020A80816A22
:10417000891C08E0026972B10268526802F07F028D
:104180000A70816A491C8162C18D491E0904090CAB
:10419000C18503D01BE002685268F1E70168CA6874
:1041A00022F02002CA600168CA6822F48072CA60E4
:1041B00001684A6922F001024A61202180F8421018
:1041C00000214163026B012A03D0FEF757FF002054
:1041D00008BD016301680C3151E8002F22F0100284
:1041E00041E80023002BF5D101680A68D20602D508
:1041F0000A6849680091818DFEF719FDE7E7000024
:1042000070B5044600680169E26821F44051114329
:1042100001612169A0680843616908432168CA688F
:1042200041F20C639A430243CA6020684169A26963
:1042300021F44071114341611E492068884202D136
:10424000FEF7FCF901E0FEF7E9F900EBC00101EB34
:104250000012606864218000B2FBF0F3B3FBF1F35D
:104260006FF018067343B2FBF0F5B2FBF0F605EB06
:104270008305322303EB0515B5FBF1F5B6FBF1F62B
:1042800005F0F00505EB0615B2FBF0F6B2FBF0F019
:10429000B0FBF1F06FF01802504306EB800003EB27
:1042A0000010B0FBF1F0216800F00F002844886096
:1042B00070BD00000038014081628285C285002106
:1042C0004164222180F84210016921B10168CA6865
:1042D00042F48072CA6001684A6942F001024A6190
:1042E0000068C16841F02001C160002070472DE9DD
:1042F000F843984617460D460446089E24E0701C75
:1043000022D0FDF76BFBA0EB0800B0421AD8CEB16B
:104310002068C168490717D5802D15D0402D13D0CE
:104320000168C94309070FD401680025406800905F
:104330002046FFF7DCFE0820606484F8405001202E
:10434000BDE8F8830320FBE72068006835EA000039
:1043500004D00020B842D2D00020F1E70120F9E7D4
:104360000148FEF767BC00000C1200200148FEF770
:1043700061BC00009C1200202DE9F041234C642711
:10438000D4F8C00F04EB8000D0F8CC8737E000BF32
:1043900004EB8705A5F5C876D5F8D007C5F8400623
:1043A00054F8271031604146FFF71CFAC5F8400663
:1043B00041463068FFF716FA144A3060083A14494B
:1043C000D5F84006FFF7C3FD104A1149C5F840066D
:1043D000121F50313068FFF7BAFD3060D4F8B01FBB
:1043E000D5F84006814201D9C4F8B00FD4F8B41F03
:1043F000D5F84006814201D2C4F8B40F7F1CD4F82E
:10440000C00FB842C4D8BDE8F08100001001002000
:10441000B0130020FEE700000FB4084B10B504A94C
:1044200002AA039800F09AF9044602A9002000F0BD
:1044300023FD204610BC5DF814FB0000794E0008F7
:104440007CB50C001D461646014601D0601E00E0FA
:104450000020CDE90010064B6A462946304600F0A0
:104460007DF9002C02D0009A002111707CBD000063
:10447000634E0008490050EAC12018BF04204A0DCD
:1044800018BF40F0010040F2FF72B2EB515F08BF6D
:1044900040F00200012808BF052070470907090EF7
:1044A000002804DB00F1E02080F80014704700F0E1
:1044B0000F0000F1E02080F8141D70472DE9F04155
:1044C0004F1E00EBC7010446D1E9000115461E4608
:1044D00037F006020DD02A463346FCF751F87F1E0E
:1044E00004EBC703D3E90023FBF7A3FF37F0060271
:1044F000F1D1022F25D0042F13D0062F18BFBDE80D
:10450000F0812A463346FCF73BF8D4E90A23FBF74F
:1045100090FF2A463346FCF733F8D4E90823FBF72B
:1045200088FF2A463346FCF72BF8D4E90623FBF72D
:1045300080FF2A463346FCF723F8D4E90423FBF72F
:1045400078FF2A463346FCF71BF8D4E90223FBF731
:1045500070FF2A463346FCF713F8D4E90023BDE880
:10456000F041FBF766BF00000022134610460149E8
:10457000FCF778B80000F03F0122FCF791BAFBF796
:1045800058BF0022134610461146FCF76BB840F2A4
:10459000013200204FF0E041FCF782BA024A0020CD
:1045A0001107FCF77DBA000001FDFFFF02E008C81B
:1045B000121F08C1002AFAD170477047002001E09D
:1045C00001C1121F002AFBD1704700000149086099
:1045D00070470000EC1000202DE9FF5F82B0002141
:1045E000DDE90430020DDDF840B0034318D044F695
:1045F0001050A2F2FF3242431514119801281FD027
:10460000A5EB0B00401C5FEA000A4FF000064E4F7E
:10461000DFF83891B046504615D5CAF1000413E0D2
:10462000119801244AA3012801D16FEA0B010298D5
:10463000119AC0E90031C0E9024206B0BDE8F09F1E
:10464000CBF10000DFE704460021404A491842EB65
:104650000450CDE9001012E0E00707D032463B4697
:1046600040464946FBF78CFF8046894632463B462A
:1046700010461946FBF784FF06460F466410002CCF
:10468000EAD1DDE90401DDE90023BAF1000F06DA21
:10469000FBF776FF42464B46FBF772FF05E0FBF760
:1046A000E1FF42464B46FBF7DDFF04460E46002283
:1046B000284BFCF78DFA03D84FF0FF30014607E096
:1046C0000022254B20463146FBF7B3FEFCF750FA9B
:1046D000102409E0002C0ADB0A220023FCF7FAF878
:1046E000039B30321A55641E50EA0102F2D1641C59
:1046F000039AC4F111031444119A012A03D0012230
:1047000008430DD10AE0084304D000204FF0110BFC
:10471000119072E7A3EB0B056D1E0DE05B4504DD08
:104720004FF0000205F1010504E003DA4FF000024A
:10473000A5F10105002AECD002981199C0E90231D7
:10474000C0E9004579E70000000014400000F03F98
:10475000300000000000F0430000E03F2DE9FF4F73
:1047600095B09A46884606460025EEE1252877D181
:1047700000242746F94A0121039400E0044316F877
:10478000013F203B01FA03F01042F7D130782A288C
:1047900011D06FF02F033078A0F13002092A16D81B
:1047A000039A44F0020402EB820203EB420210443B
:1047B000761C0390EFE758F8042B0392002A03DAE3
:1047C000504244F40054039044F00204761C3078C4
:1047D0002E2816D116F8010F44F004042A280DD013
:1047E0006FF02F023078A0F13003092B09D807EBC6
:1047F000870302EB4303C718761CF3E758F8047BE2
:10480000761C30786C280FD006DC4C2817D068282E
:104810000DD06A2814D104E0742810D07A280FD162
:104820000DE044F400140AE044F4801401E044F480
:1048300040147278824202D104F58014761C761CF2
:10484000307866280BD013DC582877D009DC002894
:1048500075D04528F6D04628F4D047281AD193E1E0
:1048600018E0632835D0642879D0652812D18BE10F
:10487000702873D008DC6728F1D069286FD06E28C3
:104880000DD06F2806D1ACE073282CD0752874D0D9
:10489000782853D05246179990476D1C54E1C4F3C1
:1048A0000250022809D003280DD0D8F8001004289F
:1048B0000DD00D6008F1040846E1D8F80010EA17A1
:1048C000C1E90052F6E7D8F800100D80F2E70D704C
:1048D000F0E718F8041B8DF8001000208DF8010097
:1048E000EB46012003E058F804BB4FF0FF306107AE
:1048F0004FF0000102D40DE009F101018946B942EF
:104900000FDA8145F8DB1BF809100029F4D108E023
:1049100009F1010189468142FADB1BF809100029DF
:10492000F6D103985346A0EB090721463846179A5B
:1049300000F080FA284400EB090507E044E008E1B4
:104940000DE01BF8010B524617999047B9F1010988
:10495000F7D2534621463846179AF2E039E00A2149
:10496000C4F302524FF0000B0091022A06D058F80F
:10497000040BC117032A09D00AE023E008F107005D
:1049800020F00702F2E80201904605E000B2C117EC
:10499000042A01D140B2C117002906DA0A460021D3
:1049A000404261EB02012D2202E0220504D52B22B8
:1049B0008DF80420012203E0E20701D02022F7E76E
:1049C000914657E00A2100E010214FF0000B0091C2
:1049D0000BE010214FF0000B44F004040827009175
:1049E00003E008204FF0000B0090C4F30252022AAB
:1049F00005D058F8040B0021032A08D008E008F17C
:104A0000070020F00702F2E80201904603E080B2BE
:104A1000042A00D1C0B24FF0000922072AD532780B
:104A2000702A07D0DDF800C08CF0100C5CEA0B0C8B
:104A300005D00EE040228DF80420012208E050EA63
:104A4000010306D030238DF804308DF805200222B2
:104A50009146009B83F0080353EA0B030AD150EA06
:104A6000010201D1620705D530228DF804204FF0F4
:104A700001097F1E3278582A04D039A20C920CAA60
:104A800002920BE03BA2F9E75B46009AFBF722FF9C
:104A90000C9B9B5C029A521E0292137050EA010218
:104AA000F2D1029804A9081A00F1200B600702D580
:104AB00024F4803400E001275F4502DDA7EB0B0002
:104AC00000E0002000EB0B01009003984944401ADD
:104AD0000390E00306D453462146179A039800F04A
:104AE000A9F90544002706E001A85246C05D1799C0
:104AF00090476D1C7F1C4F45F6DBE0030CD55346F9
:104B00002146179A039800F095F9054404E03020F7
:104B10005246179990476D1C0099481E0090002935
:104B2000F5DC08E00298029952460078491C02918F
:104B3000179990476D1CBBF10001ABF1010BF1DC43
:104B40005BE100F065F90544761C307800287FF4BD
:104B50000DAE19B02846BDE8F08F0000092801000D
:104B600030313233343536373839616263646566E3
:104B700000000000303132333435363738394142A5
:104B80004344454600000000600700D4062708F1B2
:104B9000070020F00700F0E80223804603F0004CF5
:104BA0005FEA0C0001D097A009E0200501D596A08E
:104BB00005E0E00701D095A001E0AFF24C001390B2
:104BC000307823F0004365280CD006DC452809D056
:104BD00046281DD047287FD13BE0662818D067289B
:104BE0007AD136E00021112F01DB112000E0781C82
:104BF000CDE9000104A90CA8FFF7EEFCDDE90D01E9
:104C00000C9A4FF0000B07F10109109200914EE051
:104C10004FF000400097CDE9011004A90CA8FFF760
:104C2000DBFCDDE90D020C9B0F994FF0000B914668
:104C30001093009211B9791C00EB0109B7EB090040
:104C400003D4C0F1FF3B07F10109A9EB0700019074
:104C500042E0012F00DA01270021112F01DD112090
:104C600000E03846CDE9000104A90CA8FFF7B4FC28
:104C7000DDE90D010C9A00914FF0000BB94610923E
:104C800021070FD4009A4A4503DA914601E0A9F1C1
:104C90000109B9F1010F05DD109AA9F10101515C7B
:104CA0003029F4D0B84202DA10F1040F03DA0121FE
:104CB000CDE9011010E0002803DC8344A9EB0001DA
:104CC00002E0411C494500DD8946A0EB0B00401C79
:104CD00001904FF000400290200705D4019848450C
:104CE00002DB4FF0FF30019000208DF84B0002985E
:104CF0000DF14B07B0F1004F25D002200C902B2076
:104D00000D90029800280CDA404202902D200D9060
:104D100007E00A210298FBF7C7FD3031029007F83F
:104D2000011D0C99481E0C900029F2DC0298002805
:104D3000EFD1791E0D980870307800F0200040F017
:104D4000450007F8020D11A8C01BC01D0290139862
:104D5000007800B1012000EB0901019801EBE0713E
:104D6000029801440398401A401E0390E00306D4C1
:104D700053462146179A039800F05CF805441398AF
:104D8000007818B15246179990476D1CE00323D55F
:104D900053462146179A039800F04CF805441BE04F
:104DA000BBF1000F07DB0098584504DD10981799F8
:104DB00010F80B0001E017993020524690470198F7
:104DC0000BF1010B401E05F10105019004D12E20CD
:104DD0005246179990476D1CB9F10001A9F10109DC
:104DE000DEDC05E017F8010B5246179990476D1C61
:104DF0000299481E02900029F4DC53462146179A76
:104E000003989EE62D0000002B000000200000000B
:104E10002DE9F041044600251E461746880404D4B7
:104E200005E039462020B0476D1C641EF9D52846A0
:104E3000BDE8F0812DE9F041044600251E4690466C
:104E4000C80301D5302700E02027880404D505E0F9
:104E500041463846B0476D1C641EF9D52846BDE86A
:104E6000F0814A68002A06D00A68531C0B60107053
:104E70004868401E486070470A68531C0B601070F9
:104E8000704700002DE9FE4F07460E460025684694
:104E900001F0E2F900246FF00F0AE8464FF0010933
:104EA00057F8240056F82410401A00D54042FBF76A
:104EB00048FC5146FBF7B1FA58F8241011F0FF4FA7
:104EC0000BD0FBF76CFA4FF07E51FBF730FA0A4932
:104ED00020F00040884205DC07E008490844084902
:104EE000884202D309FA04F00543641C032CD7DB83
:104EF0002846BDE8FE8F0000295C0F3E666666C14D
:104F00009A99D9002DE9F04D8D4F21F0004A86B0D5
:104F100005460C46BA452ADBAAEB070028430AD00F
:104F20008848824501DC1AD1CDB106B02846BDE8DB
:104F3000F04DFFF721BB844A844B2846FBF720FB4A
:104F400007460E46824A834B28462146FBF718FB4C
:104F500006B03A463346BDE8F04DFBF76ABA012089
:104F6000FFF734FB06B0BDE8F04DFFF70ABB7A4807
:104F7000824542DABAF1795F0BDA2846FFF77AFA0E
:104F8000042808BFFFF70AFB284606B02146BDE803
:104F9000F08D2A460B461046FBF7F2FA834602468E
:104FA0006E480E460B4606217844FFF787FA5A46AC
:104FB0003346FBF7E5FA804669488A465A46334647
:104FC00004217844FFF77AFA5A463346FBF7D8FAB9
:104FD00000223B46FBF72DFA02460B46404651465F
:104FE000FBF740FB2A462346FBF7CAFA06B02A46DF
:104FF0002346BDE8F04DFBF71CBA284624F00041DB
:1050000000223D463B46FBF7B8FA4FF0FF32FBF774
:1050100047FD0646024653480F460B460621784494
:10502000FFF74CFA32463B46FBF7AAFACDE90001FE
:105030004D4832463B4604217844FFF73FFA32465A
:105040003B46FBF79DFA00222B46FBF7F2F983461D
:1050500002913046394603F023FF804643480D460F
:10506000504517DCDDE900015A46029BFBF7FAFACE
:1050700042462B46FBF784FA42462B46FBF7D9F90A
:105080000122FBF70DFD304A304BFBF773FA304A33
:10509000304B4CE04FF0000A52460B464046FBF7BF
:1050A000C8F9CDE9031052462B4610461946FBF7C6
:1050B00067FA32463B46FBF760FADDE90332FBF75D
:1050C000D1FA06460F46DDE900015A46029BFBF77E
:1050D000C9FA83460091012230463946FBF7E0FCCD
:1050E000194A1A4BFBF749FA06460F460122404679
:1050F0002946FBF7D5FC5A46009BFBF741FA32469E
:105100003B46FBF737FA06460F4601225046294632
:10511000FBF7C6FC0E4DDFF858802A464346FBF7E6
:105120002CFA32463B46FBF728FA2A464346FBF761
:1051300024FA002CD8BF81F0004106B0BDE8F08D04
:105140000000F03F0000F07F075C143326A6913C7E
:10515000182D4454FB21F93F0000E03FAC4C000007
:10516000C24C0000364C00004C4C00003333EF3F83
:10517000FB21E93F2DE9F84F04460D4621F00040A0
:1051800000917349814211DC7249884201DC06D1E9
:105190002CB120462946BDE8F84FFFF7EDB96E481F
:1051A000002DCCBF6D496E49BDE8F88F6D49814235
:1051B00011DD6D498142D8BF4FF0FF366DDD2046CD
:1051C0002946FFF757F9042808BFFFF7E7F92046FB
:1051D0002946BDE8F88F6549654F25F000458142B5
:1051E00033DD6449814219DD002632464FF08043A9
:1051F00020462946FBF71DF980468A4601222046B3
:105200002946FBF74DFC00223B46FBF7B3F942462B
:105210005346FBF727FA04460D463EE001260022DE
:10522000BA463B4620462946FBF703F980460F461F
:105230000022534620462946FBF79CF942463B464E
:10524000FBF710FA04460D4627E04B4981421BDD6F
:10525000DFF828A102260022534620462946FBF704
:105260008FF900223B46FBF7E4F880460F46002208
:10527000534620462946FBF77DF942463B46FBF75D
:10528000F1F904460D4608E0032622462B4600208D
:105290003B49FBF7E7F904460D4622462B461046EC
:1052A0001946FBF76DF98B46824602460B46FBF723
:1052B00067F907460246334888460B46062178447C
:1052C000FFF7FCF852465B46FBF75AF982462E4838
:1052D0008B463A46434605217844FFF7EFF83A46B5
:1052E0004346FBF74DF902460B46002E5046594601
:1052F0000CDAFBF79EF822462B46FBF741F901B08A
:1053000022462B46BDE8F04FFBF737B9FBF791F883
:1053100022462B46FBF734F91C4A7A4402EBC603BB
:10532000D3E90023FBF726F922462B46FBF722F9A7
:10533000174A7A4402EBC603D3E90023FBF71DF9B1
:10534000009A002AB8BF81F00041BDE8F88F000044
:10535000000010440000F07F182D4454FB21F93F59
:10536000FB21F9BF0000DC3F0000203E0000F33FBE
:105370000000F03F0000E63F008003400000F83FDF
:105380000000F0BFD64A0000944A0000324A0000F4
:10539000FA4900002DE9F04D9446CCF1000423F0C9
:1053A00000464CEA0404594F46EAD4749A468846AB
:1053B00021F00042BC4206D8454240EA050442EAD8
:1053C000D474BC4204D9BDE8F04D6246FFF7D7B8AB
:1053D000AAF14055A5F17F6555EA0C040BD00224D3
:1053E00004EAAA744A4DDFF82CE144EAD87452EA80
:1053F000000B04D00CE0BDE8F04DFFF7BBBE002C65
:1054000014BF012CBDE8F08D022C30D0032C32D01B
:1054100056EA0C0B0AD0BE4220D1BA4209D126F07E
:10542000804622F080423346114617E000291ADBFD
:1054300025E0DFF8E4B0FB44002C04BFDBE9000109
:10544000BDE8F08D012C02BFDBE9000181F00041D5
:10545000BDE8F08D022C0AD0032C0CD0BA4212D138
:10546000B8F1000F0BDA2A482C49BDE8F08D284628
:105470002B49BDE8F08D28467146BDE8F08D2448E3
:105480002849BDE8F08D921B12153C2AC4BF204F5D
:10549000244E10DCBAF1000FBEBF12F13C0F002702
:1054A0003E4608DB6246FBF7DDF821F00041FFF7DE
:1054B00061FE07460E4694B1012C08BF86F00046F7
:1054C0000DD0194A194B022C3846314615D0FBF73E
:1054D00051F82A46BDE8F04D114BFBF74BB80022BE
:1054E000134638463146FBF75BFB04BF0220FFF74B
:1054F0006DF838463146BDE8F08DFBF73BF82A469B
:10550000BDE8F04D064BFBF738B800000000F07F17
:10551000182D4454FB2109C08E490000FB21F9BF1E
:10552000FB210940FB21F93F075C143326A6A13C6F
:105530000149481CFBF7EEBCA400002008B560B18F
:1055400020208DF8000028208DF8010030208DF8F3
:10555000020038208DF8030004E0A32204216846ED
:10556000FAF743FE6A46042140F69E2002F054FDFD
:1055700002F064F908BD00003EB5044602208DF833
:105580000000CA208DF80100E3208DF802000920F8
:105590008DF803006A460421682002F03DFDA32037
:1055A0008DF80000610609D5C0218DF80110C821D1
:1055B0008DF80210C2218DF8031005E08DF801006E
:1055C0008DF802008DF8030014F4C07F09D0C421C7
:1055D0008DF80410CC218DF80510C6218DF8061029
:1055E00005E08DF804008DF805008DF806008DF8B3
:1055F00008008DF807008DF809006A460A2140F678
:10560000A72002F009FDA0074FF0D80503D0202005
:105610008DF8000001E08DF800506A46012140F647
:10562000B62002F0F9FCA00601D5012000E0002020
:1056300000F08EF814F4C07F1ED0E0050AD5B22029
:105640008DF800008B208DF80100B6208DF8020047
:105650009B2009E0B0208DF8000080208DF801002B
:10566000B4208DF8020090208DF803006A460421D2
:1056700040F6A22002F0D0FCE1074FF40B6022D0EC
:10568000F8218DF800106A46012102F0C5FCFA21CC
:10569000072000F04BFB072000F016FB012000F074
:1056A00033FB642000F0D6FB4FF4FA7000F0E2FB0D
:1056B000C821254800F0D0FA282000F0E5FA0A2099
:1056C00000F0F2FA05E08DF800506A46012102F080
:1056D000A3FCA00703D5D9208DF8000001E08DF8C8
:1056E00000506A46012140F23D7002F095FC6007CF
:1056F00001D5012000E0002000F048F8E00601D5C7
:10570000012000E00020FFF719FF104D44F00800D1
:10571000688102F093F80020A873600601D5062086
:10572000A87314F4C07F02D0A87B801DA87314F066
:10573000140F02D0A87B1030A873A00702D0A87B5A
:10574000001DA87300203EBD09E3CA02A01300207B
:105750000EB54FF4976310B106A107C901E008A286
:1057600007CA8DE807006A460921184602F054FC72
:105770000EBD0000B8AAB38DB4980D355D000000D1
:10578000B8AAAAAAB088C3C5C700000008B560B10E
:10579000C0208DF80000C2208DF80100C4208DF8D3
:1057A0000200C6208DF8030004E08B220421684625
:1057B000FAF71BFD6A46042140F6982002F02CFC03
:1057C00002F03CF808BD0000C8234FF48062024993
:1057D00040F6F63001F0D6BE688F00082DE9FF4F85
:1057E00089B01746DDE916520024554E8846814699
:1057F0002C80A246B07B694601F086FF4FF0FF3B4C
:1058000018B158460DB0BDE8F08F708910F0140F34
:105810004CD0BDF800109DF8022049BA090441EAB5
:1058200002239DF803100B433B60BDF804109DF864
:10583000062049BA090441EA02229DF807101B1408
:105840000A437A60BDF808109DF80A4049BA090475
:1058500041EA04219DF80B4012142143B960BDF8C0
:105860000C409DF80EC064BA240444EA0C2C9DF848
:105870000F4009144CEA040CC7F80CC04FEA2C473F
:105880005B43494302FB023207FB0711114410241A
:10589000A1F17061B1F1007F04D901F0CFFFA5F84B
:1058A00000A0AEE7298841F480712980420669464C
:1058B00011D50A19A41D13885BBAA8F800305388C3
:1058C0005BBAA8F80230928852BAA8F804202A8855
:1058D00042F008022A8010F4C07F11D00A19A41DDA
:1058E00013885BBAA9F8003053885BBAA9F8023074
:1058F000928852BAA9F804202A8842F070022A80BD
:10590000800716D00C44E07800F0C00500F03F019D
:105910006078C00706D0C80801F007013268491C4A
:1059200002B190476078000703D5716809B1A809F2
:105930008847FCF753F80C990860002062E70000E4
:10594000A01300202DE9FF41044603A801F0E8FC64
:10595000BDF80C00410CC30300BF2F48008900F0C4
:10596000030254F82250420700D56D42C0F3C10231
:10597000860654F8222000D55242C0F38116C00595
:1059800054F8264000D56442A5FB0367E81700FBE6
:10599000037005FB0100850045EA9670A2FB0367D2
:1059A000D51705FB037502FB0152950045EA967277
:1059B000A4FB0367E51705FB037304FB01318B00B0
:1059C00043EA9671030E8DF80030030C8DF8013018
:1059D000030A8DF802308DF80300100E8DF80400D4
:1059E000100C8DF80500100A8DF80600080E8DF8D1
:1059F0000800080C8DF80900080A8DF80A008DF8D7
:105A000007208DF80B106A460C214FF4257002F028
:105A100003FB04B0BDE8F081A013002030B50446BC
:105A200013A285B007CA8DE807004FF0FF35C82CD8
:105A300016D8C820B0FBF4F1491E080A8DF80C00F6
:105A40008DF80D1003AA022140F2162002F0E4FAAC
:105A500030B96A460C2140F6C12002F0DDFA10B1DF
:105A6000284605B030BD054884810020F9E70000D4
:105A7000FEF2ABC4AAF1DFDFBBAFDFDFA013002073
:105A8000F8B53049098901F0030250F822404A076D
:105A900000D56442C1F3C1028B0650F8222000D524
:105AA0005242C1F3811350F82330C80500D55B4240
:105AB000254984FB0140850045EA947082FB014240
:105AC000A40F44EA820483FB0121950F45EA810576
:105AD000010E8DF80010010C8DF80110010A8DF8EF
:105AE00002108DF803006A4604214FF4747002F02E
:105AF00093FA4FF0FF3688B9200E8DF80000200C85
:105B00008DF80100200A8DF802008DF803406A46E6
:105B100004214FF4757002F07FFA08B13046F8BDE9
:105B2000280E8DF80000280C8DF80100280A8DF849
:105B300002008DF803506A4604214FF4767002F09B
:105B40006BFAF8BDA013002009E3CA022DE9FF415A
:105B500004463CA004F00303006802903AA00068E9
:105B600003903AA006683AA0056802A8C15C8DF8C7
:105B70000010C4F3C101425C8DF80120C4F381120E
:105B8000805C8DF8020003A8C35C8DF80430415C92
:105B90008DF80510805C8DF806006A46032140F2FE
:105BA000264002F039FA4FF0FF37E0BB01AA03218B
:105BB00040F22A4002F030FAA8BBCDE90065600748
:105BC0000BD59DF8000040F001008DF800009DF815
:105BD000040040F001008DF80400A0060BD59DF8EC
:105BE000010040F001008DF801009DF8050040F033
:105BF00001008DF80500E0050BD59DF8020040F08E
:105C000001008DF802009DF8060040F001008DF8BB
:105C100006006A4603214FF4886002F0FDF910B9CE
:105C200001AA032100E004E040F2314002F0F4F95F
:105C300018B1384604B0BDE8F08106480481002060
:105C4000F8E700004CCD6C000CC92C0036567600ED
:105C500026466600A01300204FF47A7290FBF2F003
:105C600008B54843010E8DF80010010C8DF80110A5
:105C7000010A8DF802108DF803006A4604214FF4E2
:105C8000AE7002F0C9F908BD0521B0FBF1F008B50E
:105C9000010A8DF800108DF801006A4602214FF4C8
:105CA000AD7002F0B9F908BD0521B0FBF1F008B5FF
:105CB000010A8DF800108DF801006A4602214FF4A8
:105CC000AC7002F0A9F908BD08B500218DF80010EC
:105CD000C10702D030218DF80010810705D59DF84D
:105CE000001041F00C018DF80010400705D59DF81B
:105CF000000040F003008DF800006A4601214FF4D7
:105D0000A47002F089F908BD08B560B1042800D973
:105D10000420401E8DF800006A46012140F24F1019
:105D200002F07AF908BD0120F3E700002DE9FC41FB
:105D3000054640074FF0FF367CD0B1F5C86F79D8E3
:105D40000846FAF707FD3E49FAF729FB074601A87E
:105D500001F0C8FA9DF80400022806D004280DD0EE
:105D600008282ED0102865D134E00E213846FAF7E5
:105D700054FBFAF71EFD84B2324907E00D21384684
:105D8000FAF74BFBFAF715FD2F4984B23846FAF7BC
:105D9000D4FAFAF70EFD210A8DF8001080B28DF8C2
:105DA0000140010A8DF802108DF80300E8076C46E7
:105DB00020D0224602214FF4EA7002F02DF9C8BB30
:105DC00011E00C213846FAF728FBFAF7F2FC84B20E
:105DD0001E49DBE70B213846FAF71FFBFAF7E9FC0F
:105DE00084B21B49D2E7A21C02214FF4927002F048
:105DF00013F9F8B9A8070DD56A4602214FF4EC70E3
:105E000002F00AF9B0B9A21C02214FF4947002F01A
:105E100003F978B9680710D56A4602214FF4EE708D
:105E200002F0FAF830B9A21C02214FF4967002F089
:105E3000F3F810B13046BDE8FC810020FBE700001C
:105E400000004843000040460000C04500004045B7
:105E50000000C0440521B0FBF1F008B5010A8DF83F
:105E600000108DF801006A4602214FF4EF7002F035
:105E7000D3F808BD0521B0FBF1F008B5010A8DF893
:105E800000108DF801006A4602214FF4ED7002F017
:105E9000C3F808BD10B519A11B4802F059F940F626
:105EA000B8342046FBF792FC18A1174802F050F9CD
:105EB0004FF4FA70FBF78AFC16A1134802F048F978
:105EC0004FF4FA60FBF782FC16A319A21AA10E4840
:105ED00002F03EF94FF4FA50FBF778FC1CA31EA227
:105EE00021A1094802F034F92046FBF76FFCBDE818
:105EF0001040012223490448FDF7B2B841542B5207
:105F000053540D0A000000009C12002041544530FB
:105F10000D0A000041542B43574D4F44453D310D70
:105F20000A0000003132333435363738390000008A
:105F300061646D696E00000041542B43574A415023
:105F40003D222573222C222573220D0A0000000019
:105F500033303031000000003139322E3136382EE6
:105F6000302E31303100000041542B4349505354FE
:105F70004152543D22544350222C222573222C2579
:105F8000730D0A00D41000202DE9F0473449088829
:105F9000002836D0DFF8CC900025884609F800505C
:105FA00031A14846FAF733F948B931A14846FAF722
:105FB0002EF920B931A14846FAF729F910B1324932
:105FC000012008707B212748FAF733F906004FF4C7
:105FD000807A0CD07D21FAF72CF9040007D067787D
:105FE00065702AA13046FAF712F9B0B90BE0B8F89B
:105FF00000004446F02804D351461A48FAF7FCF84A
:106000002580BDE8F08722A13046FAF700F920B9D3
:1060100020A13046FAF7FBF810B1304602F0B2F892
:1060200067704F46E01B401CB8F8001080B246462F
:10603000884205D351460B48FAF7DEF83580E0E791
:10604000081A85B22A46611C0648FAF7AEF8358070
:10605000C5F580717819BDE8F047FAF7CDB80000B2
:10606000D8100020BC2B0020434C4F534544000067
:106070006C696E6B206973206E6F740053454E44DB
:10608000204641494C000000E81000206C65640087
:1060900066616E006D6561737572650010B50EA165
:1060A000114802F055F84FF4FA70FBF78FFB0FA37D
:1060B00010A214A10C4802F04BF840F6C410FBF7F4
:1060C00085FB1748002404704FF480711548FAF7D7
:1060D00093F81548048010BD41542B434950434C5C
:1060E0004F53450D0A0000009C1200203330303120
:1060F000000000003139322E3136382E302E31304A
:106100003100000041542B43495053544152543DF7
:1061100022544350222C222573222C25730D0A0071
:10612000E8100020BC2B0020D81000207FB51A48B2
:1061300005785DB9FBF752FC4FF47A71B0FBF1F0D2
:106140000321B0FBF1F201FB12056035134804781E
:106150005CB9FBF743FC4FF42F71B0FBF1F0062163
:10616000B0FBF1F201FB120449340D480068FAF764
:106170006CFB0C4A0C4B12781B7803928DE80B00D9
:1061800023462A4609490A48FEF746F904B008485A
:10619000BDE8704000F032B8070100200601002081
:1061A000A000002000010020E0000020D09D000899
:1061B000FD2D00201FB50B490020CDE902010A4941
:1061C0004FF00050CDE9000108480A49037808481B
:1061D00002780948FEF720F904B00748BDE81040EE
:1061E00000F00CB8D7E34640AEA75F40A400002003
:1061F000A5000020209E0008FD2D002070B50F4C4A
:106200000546207820B1FFF749FF2078002814D1F7
:106210002846FAF718F882B209A10D4801F098FF54
:106220005020FBF7D3FA2A460AA1094801F090FF53
:10623000BDE870407820FBF7C9BA70BDE8100020B7
:1062400041542B43495053454E443D25640D0A00AB
:106250009C120020257300002DE9F04385B006460E
:106260006FF07F42042104A88DE80700264801232F
:106270000D22406801782548FBF738FE18B1072049
:1062800005B0BDE8F0839DF810101C2000EAD10293
:106290009DF81310DFF87890C1F301131A438DF8BD
:1062A0000C209DF81120C1F3810300EAD2021A43A9
:1062B0008DF80D209DF8122001F0030100EAD200B4
:1062C00008430024134F8DF80E00A04603AD285D4F
:1062D00010B146F824900AE046F824800DE000BF93
:1062E00056F824003946FAF728F846F82400285DC5
:1062F000401E10F0FF002855F2D1641CE4B2032CBC
:10630000E5D30020BCE70000A800002064110020B5
:106310007B14AE3E1D5A843F2DE9F04F87B04FF0FD
:10632000010A0C4605468DF80CA04FF000080DF14F
:106330000C098DF80D806FF07F4602214846DFF88A
:10634000C4B38DE84300DBF80010DBF80400174607
:106350004A7D01785346EC48FBF7F6FE00287DD1D4
:10636000C820FBF733FA00208DF80C00B046CDF8BA
:106370000090CDE901A8DBF800005E460123427CD5
:10638000DBF804000178E048FBF7DEFE0028E6D1E8
:10639000C346D046CA46CDE900A8CDF808B031685A
:1063A0007068B1464A7901780123D748FBF7CCFEE3
:1063B0000028D4D103A9CDE90018CDF808B0D9F848
:1063C0000010D9F804005E464A7D0178CA460123D0
:1063D000CD48FBF7B9FE0028C1D1C1460DF10C082C
:1063E000B34642468DE8040ADAF800005646012317
:1063F000827EDAF804000178C348FBF7A5FE002886
:10640000ADD1CA46C1468DE8000E3068012302793D
:1064100070680178BC48FBF797FE00289FD10C20DC
:106420008DF80C00CDF80090CDE901AB3068D8466E
:106430000123027970680178B348FBF785FE0028D4
:106440008DD10F20FBF7C2F9B06A407A8DF80C00AD
:10645000CDF80090CDE901A8306800E097E082789F
:10646000706801230178A848FBF76EFE00288ED1E2
:10647000B06A0123007A8DF80C00CDF80090CDE9C8
:1064800001A830684278706801789F48FBF75CFE8D
:1064900000287CD1B06A807A0FB140F0E0008DF81E
:1064A0000C00CDF80090CDE901A830680123827975
:1064B000706801789448FBF747FE002867D127B140
:1064C000B06AC07A40F0E00000E018208DF80C00BF
:1064D000CDF80090CDE901A831687068CB46CA7943
:1064E000017801238848FBF72FFE002871D117B1EE
:1064F000C820FBF76BF940208DF80C004746CDF81B
:1065000000B0CDE901A73068D146D846027970685D
:10651000012301787C48FBF717FEC0BB78208DF87B
:106520000C00CDF80080CDE9019730680123427955
:10653000706801787448FBF707FE40BB3220FBF718
:1065400045F94FF0000ABB468DF80CA047468DE890
:10655000800A306801234279706801786A48FBF745
:10656000F3FDA0B9D94602200097CDE901093168B1
:106570007068BB460A7B0178B04601236248FBF78E
:10658000B5FC20B9BDF80C000C2140BA00E020E0B9
:10659000B0FBF1F0C5F808A0C5F804A0C5F800A04C
:1065A000C4F808A0C4F804A0C6B20027C4F800A02C
:1065B00040E00C21CDF800B0CDE90119D8F8001069
:1065C000D8F8040001234A7B01784F48FBF78EFC82
:1065D00020B14FF0FF3007B0BDE8F08FBDF80C00E0
:1065E000236840BA01B2BDF80E00194440BA02B2A5
:1065F000BDF810002160616840BA11446160A16873
:1066000000B20844A060BDF812002B6840BA02B284
:10661000BDF81400BDF816101A442A6040BA6A6822
:1066200000B21044686049BAA86809B208447F1CE7
:10663000FFB2A860B742BCD328688322C1170904FF
:1066400041EA104100040023F9F76EFD32460023B1
:10665000F9F76AFD286068688322C117090441EAD6
:10666000104100040023F9F75FFD32460023F9F7DB
:106670005BFD6860A8688322C117090441EA1041E4
:1066800000040023F9F750FD32460023F9F74CFDD2
:10669000A86020684FF40065C117090441EA104161
:1066A00000042A460023F9F73FFD32460023F9F79C
:1066B0003BFD206060682A46C117090441EA104189
:1066C00000040023F9F730FD32460023F9F72CFDD2
:1066D0006060A0682A46C117090441EA104100041D
:1066E0000023F9F721FD32460023F9F71DFDA060D4
:1066F000002802DDA0F5803001E000F58030A060C8
:10670000002068E7A8000020641100202DE9FF5F49
:106710008846814603AE6FF07F4003210096CDE9A5
:1067200001102D480025012340680D2201782B48D7
:10673000FBF7DCFB18B1072004B0BDE8F09F9DF823
:106740000C00002400F01F008DF80C009DF80D00D7
:106750006FF00F0B00F01F008DF80D009DF80E007C
:106760004FF0010A00F01F008DF80E0059F82410B8
:1067700058F82400081A00D54042F9F7E2FF5946BC
:10678000F9F74BFE0746305DC0B1154802E01549E8
:10679000F9F7D3FD315D491E11F0FF013155F6D1F6
:1067A00001463846F9F7FBFD4FF07E51F9F7BFFD82
:1067B0000D4920F00040884205DC07E00B483844D2
:1067C000B0F1D97F02D90AFA04F00543641C032C06
:1067D000CCDB2846B0E70000A800002064110020B0
:1067E0000000C84154E3853F295C0F3E0000E0BE35
:1067F00000B5024600F00DF80346D01C00F009F881
:1068000043EAC003901D00F004F843EA801080B210
:1068100000BD90F90010002902DD4FF00000704724
:1068200002DA4FF00400704790F90110002902DDF0
:106830004FF00100704702DA4FF00500704790F901
:106840000200002802DD4FF00200704702DA4FF02C
:10685000060070474FF0070070470000FBF742FD4D
:10686000FDF78EFBFDF75AFAFDF73AFAFDF700FB4C
:10687000FDF710FAFDF7C8FAFDF7A6FAFDF718FBC9
:10688000FDF732FB1E220A490A48FAF799FDFFF785
:1068900001FBFAF7E3FAFDF7B4F900F0D3FCFDF7DA
:1068A000DBF802F051FA00BF02F054FAFCE70000F6
:1068B00028130020F010002010B50446FDF77AF8E8
:1068C000AE20FDF751F8FDF7A5F868B92046FDF7B1
:1068D0004BF8FDF79FF838B9FDF76CF8AF20FDF7DE
:1068E00043F8FDF797F818B1FDF77CF8002010BDCC
:1068F0000020FCF7E9FF0446FCF7D0FFFDF772F833
:10690000204610BD70B50C460546FDF753F8AE2085
:10691000FDF72AF8FDF77EF858B92846FDF724F868
:10692000FDF778F828B92046FDF71EF8FDF772F854
:1069300018B1FDF757F8002070BDFDF753F801209E
:1069400070BD70B505460C460020FFF7B5FF01206D
:10695000FFF7B2FFFDF72EF8AE20FDF705F8FDF7C3
:1069600059F838BB2846FCF7FFFFFDF753F808BB82
:10697000FDF720F8AF20FCF7F7FFFDF74BF8C8B99B
:106980000120FCF7A1FF20700120FCF79DFF607043
:106990000120FCF799FFA0700120FCF795FFE07043
:1069A0000120FCF791FF20710020FCF78DFF607142
:1069B000FDF718F8BDE87040FDF714B8144910B59C
:1069C0000878002823D0134C00200870E070A070D5
:1069D00008E072B6FDF78AF8FAF7FAF9FDF7CCFC91
:1069E000FDF7A2FAA078E1780843F2D062B6A07869
:1069F0003C38292801D3012000E000202070C8B2D3
:106A00005F38062801D3012000E00020607010BD2F
:106A1000EA100020040100202DE9F8418046DDE95C
:106A20000706009017460C46099D404600F0F0F915
:106A300033463A462146404600F020FA2068A842F4
:106A400000DB28462060BDE8F88100002DE9FF4FFB
:106A5000BFB00E4600211C4608464C9D04E03F9AFC
:106A600052F82020401C1144B042F8DBB1FBF6F292
:106A70000020E24906E03F9B53F820309B1A41F882
:106A80002030401CB042F6DB00204FF4F87C00BF01
:106A900001EB800251F820305768E3463B44D2E9CD
:106AA00002723A441A44D31702EB9372921041F8DF
:106AB0002020401C5845EBDBD14A00204FF4F773EF
:106AC00001EB800751F820C07F688946A7EB0C07CF
:106AD00042F82070401C9842F2DD002002EB800753
:106AE00052F820107F689A46394401EBD171491061
:106AF00042F82010401C5045F0DBC24F0020964663
:106B000000230146421D08E0A1EB00085EF821C009
:106B100037F81880491C0CFB18339142F4DB40F223
:106B20007A4193FBF1F14EF82010401C7346B0F50A
:106B3000F47FE5DD002210464FEA0A0753F82010E3
:106B4000002900DC4942401C0A445045F6DD40F271
:106B5000EF1392FBF3F00822CDE900020521029128
:106B6000A74A3DA912A8FFF757FF00233D9A12A894
:106B70009E46022A1BDB01210AE000BF00EB810CCC
:106B800050F821705CF804CC491CA7EB0C073B447F
:106B90009142F3DB521E93FBF2F141F2707292FBD1
:106BA000F1F24D990A604E9A0121117005E04D9A5B
:106BB000954911604E9981F800E000213D9F06E063
:106BC00050F8212024AB921C43F82120491CB942E3
:106BD000F6DB0020C8460BE03F9951F8201048F83A
:106BE0002010419951F82020884941F82020401C6C
:106BF000B042F1DB0022134628E000BF24A84FF08A
:106C0000010950F823004FF08076411D51451CDCEE
:106C1000A0F1050CBCF1000F17DD401F0FE000BF15
:106C200058F820C0B44509DAB9F1000F01D04FF08F
:106C3000000966460DF10C0C4CF82300401C8842FC
:106C4000EEDBB9F1000F00D1521C5B1CBB42D5DB5F
:106C5000022A06DA6C48206085F800E043B0BDE8FF
:106C6000F08FDFF8A8C1002008EB800158F8203031
:106C70004E68E1463344D1E9026131441944CB17EF
:106C800001EB9371891048F820100CEB80035CF83D
:106C900020605F683E44D3E902733B443344DE170F
:106CA00003EB96739B104CF82030401C5845DBDBFF
:106CB00000200DF1D40B3E9000214BF82010401C19
:106CC0000528F9DB00204FF4FA7309E003A951F815
:106CD0002010994203DD4C48206000208CE0401CCD
:106CE0009042F3DB0023A2F1010A60E003A800EB6D
:106CF000830650F823E076684FF07F42A6EB0E0043
:106D000011463B900A2851DD7046CC460DE000BF8D
:106D100058F820708F4201DD39463C905CF82070B5
:106D2000974201DD3A463390401C8642F0DC59F828
:106D300026C059F82E000290ACEB0000DDF8CCC064
:106D4000ACEB0E0778433B9F90FBF7F7029807EBFD
:106D5000000C339F59F82770A7EB0C07219758F8C0
:106D6000260058F82E60DDF8F0C0801BACEB0E0753
:106D700078433B9F90FBF7F03044339E219F58F8B7
:106D800026604F43301A5043F911C01100280DDD21
:106D90003E9A052A0ADA49B16422514391FBF0F286
:106DA0003E984BF820203E98401C3E905B1C53457B
:106DB0009CDB58463E9900F097F83E9800EBD07067
:106DC000401001280ADD0BEB80025BF8200052F82E
:106DD000042C104400EBD070401001E05BF8200060
:106DE000C11EB529BFF477AF06493E31085C632860
:106DF00000DD63202060012028702FE7101C002098
:106E0000501400205E9B000819FCFFFFE0230020C7
:106E10002DE9F043814600240120DDF81C805E1E30
:106E20000C6026E052F82070474521DD02EB80041B
:106E300054F8044CA7421BDD012500E06D1C4419E9
:106E40009C4203DA52F824C06745F7D0054452F853
:106E50002550AF420ADD0D680F2D07DA4FEA850C89
:106E60006D1C0D6049F80C00601C02E0204600E03B
:106E7000401CB042D6DBBDE8F08300002DE9F043B2
:106E80001E4613460C460A6805460146184600F0A1
:106E900045F84FF0FF3840461CE00A46411CC6F159
:106EA0000009216013E000BF55F82170431C19D080
:106EB00055F82030FB1AB34201DC4B4506DA236853
:106EC0004FEA830C5B1C236045F80C70491C91420F
:106ED000EADB401C21688142DFDC2846BDE8F04344
:106EE00000F002B84346E5E730B5012312E000BFE9
:106EF00050F823401A4602E040F82250521E002A61
:106F000005DD00EB820555F8045CA542F4DC40F891
:106F100022405B1C8B42EBDB30BD0000F0B501244E
:106F200016E000BF51F82450234602E041F82360E8
:106F30005B1E002B09DD01EB830650F8257056F827
:106F4000046C50F826C06745F0DC41F82350641CFF
:106F50009442E7DBF0BD00002DE9F0473B4A111FEA
:106F6000081F00F0A1F8394A163A911E881EFCF756
:106F700016FE364A103A911E881EFCF729FE334C45
:106F80001C3CB4F90600F9F7EAFB4FF080490022F7
:106F90004B4601F069F906460F46B4F90400F9F7CB
:106FA000DEFB00224B4601F05FF905468846B4F946
:106FB0000200F9F7D4FB00224B4601F055F92A46AE
:106FC0004346F9F736FA32463B46F9F732FA01F012
:106FD00067FFF9F721FCE081B4F90C00F9F7BFFB7A
:106FE00000224B4601F040F907468846B4F90A00F2
:106FF000F9F7B5FB00224B4601F036F905460E467F
:10700000B4F90800F9F7ABFB00224B4601F02CF96C
:107010002A463346F9F70DFA3A464346F9F709FA94
:1070200001F03EFFF9F7F8FB2082606920F0004193
:107030000748814204DCA16921F00041814201DD61
:10704000012000E000202070BDE8F087FC00002057
:10705000000070422DE9F041124C20F001010025A2
:1070600094F8240010B10020BDE8F081A07A4FF020
:10707000FF3668B10840277C2074884200D035462E
:1070800041B1012001F0CEFE00F0D8FB38B12774E9
:107090003046E9E7207D00B1012001F0C3FE28461B
:1070A000E2E70000A80000202DE9F74F8EB00CA900
:1070B00002A8CDE900010BAB03AA09A907A8FEF7B6
:1070C0008DFB18B1012011B0BDE8F08FBDF80800AC
:1070D000C0057DD50398F9F734FB6FF01D042146F8
:1070E000F9F79BF982460498F9F72BFB2146F9F74B
:1070F00094F981460598F9F724FB2146F9F78DF9B3
:1071000080460698F9F71DFB2146F9F786F90546F2
:1071100001215046F9F781F906464146F9F70DF984
:1071200004464FF040414846F9F707F9074629461B
:10713000F9F703F92146F9F7A8F8F9F786FBFDF707
:10714000E1FE4FF0663B5A463D4BF9F719FAF9F765
:107150008FFB0E99086001214046F9F75EF9414620
:107160000090F9F7EAF8044638464946F9F7E5F899
:107170002146F9F7DCF84FF07E51F9F786F8F9F778
:1071800064FB07460C4630464946F9F7D6F80646F2
:1071900029460098F9F7D1F83146F9F776F8F9F76A
:1071A00054FB3A462346FEF7F5F85A46244BF9F7C6
:1071B000E7F9F9F75DFB0F99086029460846F9F7EA
:1071C000BCF8074641460846F9F7B7F8064600E01E
:1071D00034E049460846F9F7B0F8044651460846F7
:1071E000F9F7ABF82146F9F750F83146F9F79FF86F
:1071F0003946F9F79CF8F9F728FB06460C4629466C
:107200005046F9F79AF8054641464846F9F795F889
:107210002946F9F73AF80121F9F7FFF8F9F715FBD4
:1072200032462346FEF7B6F85A46054BF9F7A8F959
:10723000F9F71EFB10990860002044E7022042E79E
:1072400066A64C4008B5684600F0F0F808B10A2080
:1072500008BD782000F072FE10F0FF0F01D0012071
:1072600008BD7820FFF7F6FE10F0FF0F01D00220D6
:1072700008BD642000F016FE10F0FF0F01D00320BF
:1072800008BDFEF7A1FA10F0FF0F01D0042008BDE1
:107290001348FFF7ADFAFEF759FC10F0FF0F01D0CD
:1072A000052008BD40F27310FEF766F910F0FF0FDD
:1072B00001D0062008BD6420FEF7B0FB10F0FF0FE0
:1072C00001D0072008BD01F0FFFC08B1082008BD6F
:1072D000012000F0E3FC10F0FF00F8D0092008BD09
:1072E000D40000200D494A7A42B1012A08D0022A6E
:1072F0000FD0032A0FD04FF0FF307047022200E07A
:1073000004220270C97C11B11106C90D0170002060
:1073100070470822F5E71022F3E70000A8000020DC
:107320000F494A7A42B1012A09D0022A11D0032A10
:1073300012D04FF0FF3070474FF4804201E041F629
:107340009C720280C97C11B1C2F34E010180002001
:1073500070474FF48052F4E74FF40062F1E7000009
:10736000A80000200B49097A39B1012907D0022968
:107370000AD003290BD0002103E0FA2101E04FF4E9
:10738000FA710180002070474FF47A71F9E74FF4E9
:10739000FA61F6E7A80000200A49097A41B10129FB
:1073A00008D002290AD003290AD04FF0FF307047D5
:1073B000054900E005490160002070470449FAE7EB
:1073C0000449F8E7A80000200000034300008342BE
:1073D00033330342333383410C49C97A072913D22B
:1073E000DFE801F01204060A0C0E1000BC2100E0D8
:1073F00062210180002070472A21FAE71421F8E772
:107400000A21F6E70521F4E70021F2E7A8000020B1
:10741000054991F8242012B14FF0FF307047C98917
:107420000180002070470000A80000202DE9F047EF
:1074300086B080208DF80C000DF10C096FF07F47AD
:10744000012648464D4C8DE8C10020683346427DF8
:10745000606801784A48FAF777FE4FF0FF3A002853
:1074600038D16420FAF7B2F9CDE900960025B84684
:107470008DF80C50CDF8088020684F460123427DDE
:10748000606801783E48FAF75FFE00286CD106215B
:10749000CDE90071CDF8088020680123427E606844
:1074A00001783748FAF722FD00285DD19DF81100D8
:1074B0009DF80F10C007400F01F0010140EA4100A4
:1074C0009DF80D1001F00101084304D0012835D0CA
:1074D000022814D048E0CDE90076CDF80880206875
:1074E0000123C278606801782548FAF7FFFCD8BB11
:1074F0009DF80C0010F00F0036D004281ED0E57463
:10750000FF2004F80A0F4FF6FF7104F8020C04F88C
:10751000010C6070A180A0712072A670267665763D
:10752000E572A572E56025616561A576E576A583BE
:107530004FF4FA6000F0FCFBB0B901E0E674DFE75D
:10754000022000F0D3FA78B92A2000F06BFC58B979
:10755000322000F0A7FC38B90020FFF77BFD18B9F6
:10756000002000F0FFFA18B1504606B0BDE8F087E1
:10757000002000F0E3FC0020F7E70000A800002056
:10758000641100202DE9FF4FDFF8A080064689B086
:1075900098F8250015460F464FF0FF39E0BBDFB3E2
:1075A000002420E0301B102800DD102080B283462C
:1075B0003A1901469246204600F02EFD60BB03AA10
:1075C0005946204600F000F930BB50465A4603A900
:1075D000F8F74EFE20B16FF001000DB0BDE8F08F5E
:1075E00004EB0B0084B2B442DCD3280A8DF81C00F3
:1075F0008DF81D506FF07F42022107A88DE807002B
:10760000D8F8000044460123427FD8F804000178EE
:107610000748FAF799FD08B14846DEE7012084F8EB
:1076200025000C98E0840020D7E70000A800002087
:10763000641100202DE9FF5F0546282851D8002657
:107640002F4C0DF10C094FF007086FF07F4A02270D
:107650007DB1012000F0ACFB20208DF80C004FF034
:10766000010B012D1BD0052D1CD88DF80DB0052068
:1076700022E0002000F09CFBCDE900978DF80C6023
:107680008DF80D80CDF808A020680123427D606848
:1076900001781C48FAF758FD18BB26752EE08DF8C6
:1076A0000D60E4E7142D03D88DF80D700A2003E077
:1076B00003208DF80D00142000F0B4FB9DF80D1090
:1076C000CDE9009708EB81108DF80D00CDF808A0EA
:1076D00020680123427D606801780A48FAF734FD8A
:1076E00020B14FF0FF3004B0BDE8F09F0820A07239
:1076F000267384F814B00020FFF7ACFC0020F2E7FA
:10770000A8000020641100202DE9FF5F2C4C0646E4
:10771000904694F824008B464FF0FF3AC0B3A07A0D
:10772000B0B30DF10C096FF07F47022148468DE898
:10773000830020680123027B606801782148FAF702
:10774000D5FB28BBBDF80C0045BAB54203D20021D9
:1077500088F800102AE060684188B5EB510F18D90D
:107760000122CDF80090CDE9012721680123CA7CD0
:1077700001781448FAF7BAFB50B99DF80C00C0061E
:1077800007D500F05BF86FF0010004B0BDE8F09F92
:107790000CE0CDF800B0CDE9016720680123427B01
:1077A000606801780748FAF7A1FB08B15046ECE79A
:1077B000B5FBF6F0401E88F800000020E5E7000069
:1077C000A8000020641100202DE9FF4115000E469D
:1077D0004FF0FF3729D0174CA17A31B3010A8DF849
:1077E0000C10C0B28DF80D00811960684289914279
:1077F0001BD8022203ABCDE900326FF07F48CDF8F1
:10780000088021680123CA7E01780B48FAF79CFCA6
:1078100058B98DE8600120680123027E6068017814
:107820000548FAF763FB002800D0384604B0BDE8ED
:10783000F0810000A8000020641100202DE9FF471E
:107840006C4C4FF0FF3AA07A00287CD000270DF155
:107850000C088DF80C706FF07F46012540468DE8CE
:10786000610020682B46427C606801786248FAF724
:107870006BFC002867D1CDF80080CDE90156216866
:10788000606801234A7901785B48FAF75DFC0028BB
:1078900059D1CDF80080CDE90156216860680123F7
:1078A0000A7901785448FAF74FFC00284BD194F834
:1078B000240088B30C208DF80C00CDF80080CDE9B1
:1078C0000156206801230279606801784A48FAF776
:1078D0003BFC002837D13220F9F778FFC0208DF823
:1078E0000C00A07AC00702D0E0208DF80C00CDF883
:1078F0000080CDE901562068C14601230279606805
:1079000001783D48FAF720FC00286ED1607C20B158
:1079100002208DF80C0002E019E08DF80C70CDE922
:107920000095B046CDF8088020684E460123427C81
:10793000606801783048FAF707FC20B98DF80C70C0
:10794000CDF8088000E050E0CDE9006543E0042078
:107950008DF80C00CDF80080CDE901562068012398
:107960000279606801782448FAF7EEFBE8BBA07C56
:10797000A0B9A07AC00711D05FF060008DF80C00AC
:10798000CDF80080CDE901562068012302796068B6
:1079900001781948FAF7D8FB38BB01E04020EDE741
:1079A0003220F9F713FF607C10B18DF80C5001E024
:1079B0008DF80C70CDF80080CDE9015620680123C8
:1079C000427C606801780C48FAF7BEFB68B9094848
:1079D00010308DE8610020680123427960680178E9
:1079E0000548FAF7B1FB002800D0504604B0BDE8C6
:1079F000F0870000A8000020641100202DE9F04766
:107A0000394C82468AB094F824000F4620B10020F9
:107A100000F044F9012600E0002607A8FFF7A2FCC9
:107A200006A8FFF75FFC09A8FFF7D6FC08A8FFF738
:107A3000EFFC94F80A9094F8108000250022394653
:107A40005046FEF769FC10B16D1C022DF6DB022DCD
:107A50001AD00025012203A96846FEF75DFC10B18B
:107A60006D1C022DF6DB022D0ED003A93846FDF762
:107A700009FAC7B269465046FEF748FE10F0FF0FFC
:107A80004FF0000502D002E0002503E001250FB908
:107A900045F00205FF2020726072E0724FF6FF7120
:107AA000E181A072207401202073BDF81C0000F059
:107AB0003FF99DF8180000F019F8BDF8240000F017
:107AC000B1F9BDF8200000F0EDF9484600F036FAB3
:107AD0004046FFF7BFFA16B1012000F0DFF80AB008
:107AE0002846BDE8F0870000A80000207FB51B4CA9
:107AF0004FF0FF35A17A51B3022806D0042806D0F2
:107B000008280ED0102822D10DE0002000E0082027
:107B10008DF80C00607A9DF80C10B0EBD10F04D0FA
:107B200006E01020F4E71820F2E7002004B070BD52
:107B30006FF07F42012103A88DE807002068012330
:107B4000C279606801780648FAF7FEFA08B128465B
:107B5000ECE79DF80C00C0086072E6E7A800002082
:107B6000641100202DE9FF474A4C0746A07CB8422B
:107B700003D1002004B0BDE8F08746484FF0FF3A3B
:107B80006FF07F45D0E900104FF0010803AECFB38E
:107B90000096CDE901850A79017801233E48FAF77C
:107BA000A5F9002871D19DF80C00CDE9006820F0FE
:107BB0002000A9468DF80C00CDF8089020684546B5
:107BC00001230279606801783348FAF7BDFAE8BB0F
:107BD0000320F9F7FBFD02208DF80C0094F8220039
:107BE00010B182208DF80C0094F8230028B19DF884
:107BF0000C0040F030008DF80C00CDE90065CDF8A8
:107C0000089039E0FFE7CDE9006802950A7901782C
:107C100001232148FAF76AF9C0B9A07AC0079DF894
:107C20000C0002D040F0200001E020F02000A94626
:107C30008DF80C0035468DE8200320680123027979
:107C4000606801781448FAF77FFA00E01DE0E0B9B7
:107C50000320F9F7BBFD94F8220000B180208DF8D5
:107C60000C0094F8230028B19DF80C0040F030007F
:107C70008DF80C008DE8200320680123C27D606828
:107C800001780548FAF760FA08B1504672E7A77420
:107C90006FE70000A8000020641100202DE9FF41DB
:107CA000214C94F82410814224D000266FF07F47A5
:107CB000012530B394F8250000B3002001F0B2F89C
:107CC0000020FFF74FFFE08C00F0ECF88DF80C601F
:107CD00003A88DE8A10060680123232201781348DE
:107CE000FAF732FA84F82450012001F09BF800BF23
:107CF000FFF7A4FD002004B0BDE8F0814FF0FF3095
:107D0000F9E7002001F08EF8207C8DF80C0003A824
:107D10008DE8A10060680123232201780348FAF767
:107D200013FA84F82460E3E7A8000020641100201F
:107D30007FB51D4C4FF0FF35A17A69B3FA2809D001
:107D4000B0F5FA7F08D0B0F57A7F0FD0B0F5FA6FB2
:107D500022D10DE0002000E008208DF80C00207AF0
:107D60009DF80C10B0EBD10F04D006E01020F4E722
:107D70001820F2E7002004B070BD6FF07F420121AF
:107D800003A88DE8070020680123827960680178E4
:107D90000648FAF7D9F908B12846ECE79DF80C0037
:107DA000C0082072E6E70000A8000020641100204F
:107DB0007FB51A4C054694F82300A84202D1002052
:107DC00004B070BD0DB1302000E000208DF80C0033
:107DD000A07C28B19DF80C0040F002008DF80C004A
:107DE00094F8220028B19DF80C0040F080008DF836
:107DF0000C006FF07F42012103A88DE80700206886
:107E00000123C27D606801780548FAF79DF910B139
:107E10004FF0FF30D4E784F82350D0E7A8000020CB
:107E2000641100207FB51D4C4FF0FF35A17A79B366
:107E30000121BC2802D38DF80C1012E0622801D376
:107E400002200CE02A2801D3032008E0142801D3E3
:107E5000042004E00A2801D3052000E006208DF864
:107E60000C00E07A9DF80C20904202D1002004B072
:107E700070BD03AA6FF07F400092CDE90110206829
:107E800001238278606801780548FAF75DF908B146
:107E90002846ECE79DF80C00E072E7E7A800002018
:107EA000641100202DE9FF41224D04464FF0FF37B9
:107EB000A87A78B395F8240060BB287D4FF47A76D1
:107EC00048B164B1282C03D8E0B2FFF7B3FB2EE031
:107ED0000020FFF7AFFB042C05D2042406E00020AD
:107EE000FFF7A8FBF9E7B44200D93446B6FBF4F03B
:107EF000401E8DF80C006FF07F42012103A88DE831
:107F00000700286801234278686801780A48FAF770
:107F10001BF918B1384604B0BDE8F0819DF80C009B
:107F2000401CB6FBF0F0E8814008FFF77BFF002023
:107F3000F1E70000A8000020641100202DE9FF47B0
:107F4000054610F0700F4FF001074FF0000602D009
:107F50008DF80C7006E015B18DF80C6002E0402041
:107F60008DF80C000DF10C096FF07F484946284C44
:107F70008DE8820120680123427D606801782548F0
:107F8000FAF7E2F84FF0FF3A80BB9DF80C0020F0C2
:107F9000400020738DF80C60680602D404208DF830
:107FA0000C00A80605D49DF80C0040F002008DF8E6
:107FB0000C00E80605D49DF80C0040F001008DF897
:107FC0000C00280705D49DF80C0040F038008DF80F
:107FD0000C00CDF80090CDE9017820680123827D66
:107FE000606801780B48FAF7AFF820B1A6725046E6
:107FF00004B0BDE8F08725B1082D02D00020FFF7BE
:10800000D7FEA57226753220F9F7E0FB0020EFE7D6
:10801000A8000020641100202DE9FF4115000E4644
:108020004FF0FF3729D0174CA17A31B3010A8DF8F0
:108030000C10C0B28DF80D00811960684289914220
:108040001BD8022203ABCDE900326FF07F48CDF898
:10805000088021680123CA7E01780B48FAF774F87A
:1080600058B98DE8600120680123027E60680178BC
:108070000548FAF769F8002800D0384604B0BDE892
:10808000F0810000A8000020641100202DE9F041DB
:10809000244C0025244F2E46C4F8045057F82600DF
:1080A000F8F758FB2946F8F7F0F8761CF6B20546C3
:1080B0001E2EF3D31D496060F8F771F91C49F8F7DB
:1080C0006EF91C49F8F739F90546A06029461A48A7
:1080D000F8F72DF92946F8F762F92169F8F72DF933
:1080E0000746E0606069F8F7B0FB144A144BF8F7F4
:1080F00047FA05460E463846F8F7A7FB2A463346A8
:10810000F8F7B0FA0F4A104B00F0AEF8F8F7B0FBF2
:108110000E49A061884201DD012000E000202070AE
:10812000BDE8F08188000020281300200000F04105
:1081300000F07F45333353400000A040A089B0E1F8
:10814000E9152740C442AD69DE71F8BF0000C8429E
:108150000FB44FF4007130B5ADF5017D054686AB27
:108160006846859AFCF76CF9044682B2FF2369469B
:108170002846FBF701F80DF5017D204630BC5DF87F
:1081800014FB000010B5044628A1F8F740F8B8B178
:108190003A21F8F74EF808B912E0401C017879B19D
:1081A000A1F130020A2AF8D2C8B2312802D030290F
:1081B00002D005E01FA100E01FA12148FFF7C8FF82
:1081C00020A12046F8F723F8B8B13A21F8F731F8A2
:1081D00008B912E0401C017879B1A1F130020A2AF5
:1081E000F8D2C8B2312802D0302902D005E017A158
:1081F00000E017A11248FFF7ABFF17A12046F8F7E0
:1082000006F8002803D03A21F8F713F808B910BD92
:10821000401C01780029FAD030390A29F8D20078B8
:108220003128F4D10F490120087010BD226C65641B
:10823000220000006C6564006C65646F6666000077
:108240000C1200202266616E2200000066616E0042
:1082500066616E6F66660000226D6561737572659A
:1082600022000000EA1000202DE9F04D1D460C46CA
:1082700098B0174621F0004123F00043002814BFB6
:108280004FF0010C4FF0000C0CEB440CFE4A0CEBD1
:1082900002064FEA620C66452BD33E0018BF01264A
:1082A00006EB45061644F94A964222D3F84A53EAA9
:1082B000070C02D0944205D148B918B000201146ED
:1082C000BDE8F08D002808BF4FF0000C01D04FF042
:1082D000010C0CEB440212F5001F0AD8002F14BF4A
:1082E0004FF0010C4FF0000C0CEB450212F5001F93
:1082F00007D918B03A462B462146BDE8F04DFCF7A9
:108300003EB90022DFF88CA3002CB8BF534526DA13
:10831000DFF884C36345A8BF022220DADFF870C308
:108320009C451CDCDFF874C30CEB235CBCF1140F20
:1083300008DDCCF1340627FA06FC0CFA06F6BE423C
:108340000DD108E05FB9CCF1140623FA06FC0CFA53
:1083500006F69E4203D10CF00102C2F1020251EA7C
:10836000000C19D1002D17DA002C18BF022A01D0F9
:10837000012A07D00220FCF729F918B0BDE8F04D1A
:10838000FCF7F2B80220FCF721F9FCF7EDF818B081
:1083900081F00041BDE8F08DB7F1000C6CD1534580
:1083A00025D104F1804212F5801201BF002800207F
:1083B000B74918B008BFBDE8F08DB548884207DC62
:1083C000002DA1BF6046294618B0BDE8F08D07E03A
:1083D000281E05DA80F0004118B06046BDE8F08D37
:1083E000AF497944D1E9000118B0BDE8F08DDFF85C
:1083F000A0C2634525D1002D1FDA19B1514512D114
:10840000D8B909E0002840F0EC82A24A214618B011
:1084100062F31E01BDE8F08D0020214618B060F324
:108420001E01BDE8F08D08DA18B02346BDE8F04D16
:10843000024600206146F8F715B918B02146BDE89C
:10844000F08D514518DAB5F1804F0DD0A5F1005CE3
:10845000BCF1FF5C10D1B4F1000C0DDB18B061462B
:10846000BDE8F04D00F01CBD234618B00246BDE843
:10847000F04D1946F8F784B8060024F0004C3BD1C3
:10848000D9B1514533D1002C06DD002DA1BF00200C
:10849000514618B0BDE8F08D002C01DD002D1BDB2E
:1084A000002C13DA002D11DB012A4FF0000014BF5D
:1084B00078497C4918B0BDE8F08D022A18BF002C1D
:1084C0000AD0012A08D1002C06DA0AE0002CB8BF35
:1084D000002D11DA012A04D0002018B00146BDE8B1
:1084E000F08D18B000204FF00041BDE8F08DA1F1F3
:1084F0004050B0F17F601AD0012000EBE47050EAE8
:10850000020421D0624C521E4FF0000B104304BFF6
:108510004FF0000B644C654883427CDD644A65483B
:1085200093421FDD884217DB002D25DB37E0002C4E
:1085300000DA4AB1022A0CBF01204FF0FF3018B018
:10854000BDE8F04DF8F70BB90120FCF73FF818B083
:10855000BDE8F04DFCF715B84D4A8A4202DC002D0B
:108560000ADC1CE0814202DA002D18DA04E0484BF4
:10857000994220DD002D12DD0220FCF727F8FCF7E0
:1085800006F805460E460022534658462146F7F7A0
:10859000F7FF18B066F31E012846BDE8F08D0220F3
:1085A000FCF714F8FBF7FAFF0A46214618B062F30D
:1085B0001E01BDE8F08D002230466146F7F7DAFF74
:1085C00080460E466FF00102F8F76AFA4FF0553216
:1085D000394BF7F7D2FF42463346F7F7D1FF002277
:1085E000364BF7F7CAFF824642463346049110469F
:1085F0001946F7F7C5FF5246049BF7F7C1FF8A46B5
:1086000000904FF0C0422E4B40463146F7F7B8FF7E
:108610002C4A2B4B00E027E0CDE90601514600989B
:10862000F7F7AEFF82460191274A284B4046314674
:10863000F7F7A6FF5246019BF7F79CFF82460B46D1
:1086400002460591DDE90601F7F7F3FEDDE90623B1
:10865000002688463046F7F78DFF5246059BF7F710
:108660008CFF024600F07EB90020B1F5801F07DACA
:10867000352230466146F8F713FA06466FF03400AB
:1086800000EB215024E00000FFFF1F00FFFF0F0060
:108690000000F03F0000F07F0000404301FCFFFFBE
:1086A000E21900000000F0FF0000F0BF0000E04110
:1086B0000000F043FFFFEF3F5555D53F0000E03F7E
:1086C0004715F73FFE822B6544DF5DF80BAE543E45
:1086D000A0F2FF300190C1F3130040F07F6141F040
:1086E00040510291FE498842D8BF002004DDFD4977
:1086F0008142C8BF012001DD0D9008E000200D90EF
:108700000198401C01900298A0F5801002900299F7
:10871000F54878440B910D9900EBC100D0E9002396
:108720000F9330460A920B99F7F724FFCDE9060123
:10873000DDE90A2130460F9BF7F77BFE02460B4628
:108740000020EA49F7F78EFF059102460B4600909C
:10875000DDE90601F7F714FF1490E5488A464FF06B
:10876000000878440299006812904FF0005040EAE7
:1087700061010D980F9B01EB804000F500210991EC
:108780000A9A1298F7F7F6FE32460B9BF7F7F5FEBA
:1087900042465346F7F7F4FE0646029140465146DC
:1087A000099B129AF7F7ECFEDDE90623F7F7E5FEE1
:1087B0003246029BF7F7DEFE059B009AF7F7E0FED4
:1087C0000091149A0490534610461946F7F7D8FEC4
:1087D00006460246C7480B46029106217844FBF73D
:1087E0006DFECDE90510029B324610461946F7F79B
:1087F000C7FEDDE90532F7F7C3FE0591064653468D
:1088000040461946149AF7F714FE009B049AF7F7AE
:10881000B7FE3246059BF7F70CFECDE90510424640
:10882000534610461946F7F7ABFE0022B24B0291B1
:108830000A90F7F7FEFDDDE90532F7F7FAFD0E467F
:108840004246AD4B4046F7F795FE029B0A9AF7F772
:1088500091FEDDE90532F7F790FE424602910A905B
:10886000334610465146F7F78BFECDE906015346D5
:10887000149A02990A98F7F783FE8A4602903346C3
:10888000424600990498F7F77BFE5346029AF7F7A1
:10889000D0FD82460B4602460591DDE90601F7F759
:1088A000C8FDDDE90623002088460646F7F762FE8C
:1088B0005246059BF7F761FE824609914FF06042F0
:1088C0008E4B30464146F7F75BFE049006918C4A8A
:1088D0008A4B50460999F7F753FE82460291894A1E
:1088E000894B30464146F7F74BFE5246029BF7F75D
:1088F000A0FD864B7B440D9A03EBC203D3E9002312
:10890000F7F797FD0E9007910198F7F728FF05916B
:10891000DDE9061382460E9A0498F7F78AFD7C4A31
:108920007A440D9B02EBC303D3E900230093029228
:10893000F7F77FFD5246059BF7F77BFD002688463B
:1089400052463046059BF7F715FE009B029AF7F753
:1089500011FE069B049AF7F70DFE079B0E9AF7F798
:108960000CFE024600200B46029038462946F7F7D7
:1089700007FE824601912B4638461946029AF7F7C0
:10898000F9FD32464346F7F7FBFD5246019BF7F7E8
:1089900050FD07468A463246434629460298F7F775
:1089A000EFFD05460E463A465346F7F742FD594A53
:1089B0008846914221DBA8EB020353EA000210D162
:1089C0002A463346F7F7D6FDCDE90401524A534B08
:1089D00038465146F7F72DFDDDE90423F8F7F8F89E
:1089E00021D20220FBF7F2FDFBF7D1FD0A4621461A
:1089F00018B062F31E01BDE8F08D494B28F000422B
:108A00009A4210D3474A08EB020353EA00027FF46C
:108A1000C6AD2A463346F7F7ADFD3A465346F8F75A
:108A2000D7F87FF6BCAD0022019228F000403E4905
:108A30003E4A01EB2051824223DA481C4FF4801158
:108A400021FA00F040443A4AC0F30A517A44394BC3
:108A5000A1F2FF31CB4020EA0303C0F3130040F43E
:108A60008010C1F11401C84012680190B8F1000FE4
:108A7000BCBF4042019028463146F7F77BFD0546D2
:108A80000E462A46334638465146F7F7D2FC4FF099
:108A900000084246284B40460591F7F771FDCDE9A5
:108AA0000601264A264B40460599F7F769FD0091D5
:108AB00002902A46334640460599F7F75BFD3A4651
:108AC0005346F7F75AFD1F4A1F4BF7F759FD009B16
:108AD000029AF7F7AEFC0746884602460B4635E099
:108AE0008E9803007AB60B00921500000000F03F4C
:108AF00062160000F81400000000084009C7EE3FAD
:108B0000FD033ADCF5015B14E02F3EBED0130000FC
:108B10009413000000009040FE822B654715973C9F
:108B200000CC904000346F3F01FCFFFF0000E03FAD
:108B300078130000FFFF0F00432EE63F396CA80CAE
:108B4000615C20BEEF39FAFE422EE63FDDE9060108
:108B5000F7F76FFCDDE9062305460E46F7F70AFD39
:108B60003A464346F7F709FD0F462A46334600903A
:108B700010461946F7F704FD824602462E488846FD
:108B80000B4605217844FBF799FC52464346F7F71C
:108B9000F7FC2A463346F7F7F0FC80468A463B4608
:108BA00028463146009AF7F7EBFC3B46009AF7F768
:108BB00040FC0691009000224FF080434046514611
:108BC000F7F7D8FC0F460C904246534628463146EC
:108BD000F7F7D6FC3B460C9AF7F744FD069B009A44
:108BE000F7F7C8FC2A463346F7F7C4FC0022134BBC
:108BF000F7F7C3FC054601980E4601EB0051081536
:108C0000002810DC28463146019AF7F749FFFBF7A8
:108C100031FC042808BFFBF7C1FC28463146019A05
:108C2000F7F73EFF05460B4618B02A465846214640
:108C3000BDE8F04DF7F7A4BC801100000000F03F44
:108C40002DE9F04115490888002825D0144A1268FA
:108C5000144B1B68D21A0A2A1ED9134E00258846C7
:108C6000355412A13046F7F7F5FA124C012728B116
:108C700011A13046F7F7EEFA20B104E027700A2080
:108C8000A07000E067704446B8F800100648F7F797
:108C9000B3FA0C4825808662BDE8F0810000002010
:108CA000100000200400002000120020676F6F6495
:108CB0000D0A0000E91000206D6561737572650D85
:108CC0000A0000000C12002010B588B0694604A804
:108CD000FEF794FE032802D0012008B010BD07A8BB
:108CE000FEF75AFB0498F7F72CFD07990C46F7F7A7
:108CF00024FBF7F745FD04900598F7F722FD214680
:108D0000F7F71BFBF7F73CFD05900698F7F719FD01
:108D10002146F7F712FBF7F733FD069004A8FCF79E
:108D2000AFFE03A8FEF7FCFABDF80C000099414322
:108D30000091019941430191029941436846029192
:108D4000FCF700FE0020C8E70149092008707047C1
:108D5000180000202DE9F0410C4D00242E1F10E0DA
:108D6000F8F73CFE04EB440205EB8201D1E9013740
:108D70003B44834203D8886055F822008047641C36
:108D8000E4B230788442EBD3BDE8F0811C000020CF
:108D900070B515480024017839B18178491E11F069
:108DA000FF01817000D1047070BD1048007808B1D7
:108DB0000FA103E01048007828B110A1BDE8704071
:108DC0001048FFF7C5B9104E104D307808B110A10A
:108DD00003E028780028E7D010A10A48FFF7B8F987
:108DE00034702C7070BD0000E9100020E0000020FD
:108DF00066616C6C000000008800002064656E7382
:108E0000697479000C120020040100200501002083
:108E100068656172747261746500000073706F320E
:108E2000000000002DE9FF411B4C0346214694F849
:108E300024C00026D1E90001751E01226FF07F4792
:108E4000BCF1000F0FD0BBB102238DF80C3003AB87
:108E5000CDE900320297427C097801230F48F9F7E7
:108E600073F978B912E094F80AC0BCF1000F09D088
:108E700013B1637C6BB902E08DF80C60E7E78DF805
:108E80000C20E4E7284604B0BDE8F0819DF80C0012
:108E900060740020F7E70000A800002064110020A3
:108EA0002DE9F04106460F46F7F711FE041E0D4668
:108EB00018BF0120284320F00040C0F17F6000F17E
:108EC000E040C00F0ED0301C18BF0120384320F006
:108ED0000040C0F17F6000F1E040C00F04BF0120FE
:108EE000FBF774FB20462946BDE8F081010202032E
:108EF0000405060708090A0B0C0D0E0F10100000E0
:108F00000000000000000102030406070809000039
:108F100000000102030475191A0C6A231B1C0000CF
:108F20001F207274433B4138393A006B6C376F062F
:108F3000246D6E70D000000476005401F7FD00012E
:108F40008300000000080000000100183200050046
:108F5000000020410000D242295C0F3E9A99993EC0
:108F60003333733F295C0F3E000070000000002483
:108F7000000000020003000000650054FFEF000045
:108F8000FA80000B12820001030C30C30E8C8CE9B6
:108F900014D5400213710F8E3883F8833000F883A4
:108FA000258EF8833000F883FFFFFFFF0FFEA9D660
:108FB000240004001A8279A10000003CFFFF000099
:108FC0000010000038836FA2003E03304000000014
:108FD00002CAE3093E8000002000000000000000FB
:108FE0004000000060000000000C0000000C186E43
:108FF000000006920A16C0DFFFFF0256FD8CD377F1
:10900000FFE1C496E0C5BEAA00000000FFFF0B2BE5
:1090100000001657000003594000000000001DFA30
:1090200000026C1D000000003FFFDFEB003EB3B606
:10903000000D227800002F3C00000000001942B50E
:10904000000039A20000B365D90E9FC91DCF4C3472
:1090500030000000500000003BB67AE800640000D9
:1090600000C8000000000000100000001000FA928C
:109070001000225E000D229F00010000003200005F
:10908000FF46000063D400001000000004D600007A
:1090900004CC000004CC000000001072000000406E
:1090A00000000000000000000006000200050007AC
:1090B0000000000000640000000000000000000547
:1090C0000005006400200000000000000000000017
:1090D000000040000000030000000032F89800008B
:1090E000FF650000830F0000FF9BFC0000000000F4
:1090F0000000000000000000000000000000000070
:10910000000000000000000000000000000000005F
:1091100000000000000010004000000000000006F9
:109120000000B26A000200000001FB83006800003A
:1091300000D9FC007CF1FF83000000000065000006
:10914000006403E80064002800000025000000001F
:1091500016A000000000100000001000002F00000A
:10916000000001F40000100000280000FFFF45810E
:10917000FFFFFA720000000000000000004400053C
:109180000005BAC6004778A20000000100000000F8
:1091900000000600000000140000254D002F706D37
:1091A000000005AE000C02D000000000000000002E
:1091B0000000000000000000001B00000000000094
:1091C0000000000000000000006400000008000033
:1091D000000000000000000000000000000000008F
:1091E000000000000000000000000000000000007F
:1091F000000000000000000000000000000000006F
:10920000000000000000000000000000000000005E
:10921000000000000000000000000000000000004E
:109220000000000000000000001B00000000000023
:1092300000000000000E000E00000AC7000400003D
:1092400000000032FFFFFF9C00000B2B000000021B
:109250000000000100000064FFE5000000000000C5
:1092600000000000000000000000000100000000FD
:1092700000010000000000000001800000018000EB
:1092800000018000002426D3000000000000000040
:10929000000600100096003C0000000000000000E6
:1092A00000000000000000000C0A4E68CDCF7709D6
:1092B00050166759C619CE82000000000000000059
:1092C000000000000000000000000000000000009E
:1092D00017D7840003000000000000000000000019
:1092E000C7938F9D1E1B1C1900000000000000008A
:1092F000000000000000000000000000000000006E
:109300000203188500004000000000030000000375
:10931000000000000000000040000000000000000D
:10932000000000000000000000000000000000003D
:10933000000000000000000000000000000000002D
:10934000000000000000000000000000677DDF7EDC
:1093500072902E554CF6E6880000000000000000D8
:109360000000000000000000D8DCB4B8B0D8B9ABF1
:10937000F3F8FAB3B7BB8E9EAEF132F51BF1B4B879
:10938000B08097F1A9DFDFDFAADFDFDFF2AAC5CD6A
:10939000C7A90CC92C97F1A989264666B28999A953
:1093A0002D557DB0B08AA896365676F1BAA3B4B2E0
:1093B00080C0B8A89711B28398BAA3F024084410CB
:1093C0006418B2B9B49883F1A329557DBAB5B1A395
:1093D0008393F0002850F5B2B6AA839328547CF109
:1093E000B9A3829361BAA2DADEDFDB819AB9AEF566
:1093F000606870F1DABAA2DFD9BAA2FAB9A3829290
:10940000DB31BAA2D9BAA2F8DF85A4D0C1BBAD8343
:10941000C2C5C7B8A2DFDFDFBAA0DFDFDFD8D8F16F
:10942000B8AAB38DB4980D355DB2B6BAAF8C9619A3
:109430008F9FA70E161EB49AB8AA872C547CBAA484
:10944000B08AB691325676B28494A4C808CDD8B802
:10945000B4B0F19982A82D557D98A80E161EA22CA5
:10946000547C92A4F02C5078F184A898C4CDFCD8F8
:109470000DDBA8FC2DF3D9BAA6F8DABAA6DED8BA65
:10948000B2B68696A6D0F3C841DAA6C8F8D8B0B46A
:10949000B882A892F52C548898F135D9F418D8F1EF
:1094A000A2D0F8F9A884D9C7DFF8F883C5DADF6954
:1094B000DF83C1D8F40114F1A8824EA884F311D13E
:1094C00082F5D992289788F109F41C1CD884A8F356
:1094D000C0F9D1D99782F129F40DD8F3F9F9D1D98E
:1094E00082F4C203D8DEDF1AD8F1A2FAF9A8849870
:1094F000D9C7DFF8F8F883C7DADF69DFF883C3D8A4
:10950000F40114F198A8822EA884F311D182F5D920
:1095100092509788F109F41CD884A8F3C0F8F9D1C7
:10952000D99782F149F40DD8F3F9F9D1D982F4C46D
:1095300003D8DEDFD8F1AD8898CCA809F9D982929A
:10954000A8F57CF1883ACF944A6E98DB6931DAADA0
:10955000F2DEF9D88795A8F221D1DAA5F9F417D966
:10956000F1AE8ED0C0C3AE82C684C3A88595C8A50F
:1095700088F2C0F1F4010EF18E9EA8C63E56F55455
:10958000F18872F40115F19845856EF58E9E048878
:10959000F142985A8E9E068869F4011CF1981E11BA
:1095A00008D0F504F11E970202983625DBF9D9851B
:1095B000A5F3C1DA85A5F3DFD88595A8F309DAA567
:1095C000FAD88292A8F578F1881A849F2688982183
:1095D000DAF41DF3D8879F39D1AFD9DFDFFBF9F477
:1095E0000CF3D8FAD0F8DAF9F9D0DFD9F9D8F40BBE
:1095F000D8F3879F39D1AFD9DFDFF41DF3D8FAFC58
:10960000A869F9F9AFD0DADEFAD9F88F9FA8F1CCC2
:10961000F398DB45D9AFDFD0F8D8F18F9FA8CAF314
:109620008809DAAF8FCBF8D8F2AD978D0CD9A5DFCA
:10963000F9BAA6F3FAF412F2D8950DD1D9BAA6F375
:10964000FADAA5F2C1BAA6F3DFD8F1BAB2B68696B5
:10965000A6D0CAF349DAA6CBF8D8B0B4B8D8AD844E
:10966000F2C0DFF18FCBC3A8B2B68696C8C1CBC318
:10967000F3B0B48898A821DB718D9D71859521D9AF
:10968000ADF2FAD88597A828D9F408D8F28D29DA4E
:10969000F405D9F285A4C2F2D8A88D9401D1D9F4E9
:1096A00011F2D88721D8F40AD8F28498A8C801D139
:1096B000D9F411D8F3A4C8BBAFD0F2DEF8F8F8F8AB
:1096C000F8F8F8F8D8F1B8F6B5B9B08A95A3DE3C49
:1096D000A3D9F8D85CA3D9F8D87CA3D9F8D8F8F9DD
:1096E000D1A5D9DFDAFAD8B18530F7D9DED8F8308C
:1096F000ADDADED8F2B48C99A32D557DA083DFDFDF
:10970000DFB591A0F629D9FBD8A0FC29D9FAD8A0B9
:10971000D051D9F8D8FC51D9F9D879D9FBD8A0D0F3
:10972000FC79D9FAD8A1F9F9F9F9F9A0DADFDFDF84
:10973000D8A1F8F8F8F8F8ACDEF8ADDE8393AC2CDD
:10974000547CF1A8DFDFDFF69D2CDAA0DFD9FADB4D
:109750002DF8D8A850DAA0D0DED9D0F8F8F8DB552B
:10976000F8D8A878DAA0D0DFD9D0FAF8F8F8F8DB82
:109770007DF8D89CA88CF530DB38D9D0DEDFA0D0BE
:10978000DEDFD8A848DB58D9DFD0DEA0DFD0DED8B6
:10979000A868DB70D9DFDFA0DFDFD8F1A888902CC4
:1097A000547C98A8D05C38D1DAF2AE8CDFF9D8B00E
:1097B00087A8C1C1B188A8C6F9F9DA36D8A8F9DAFC
:1097C00036D8A8F9DA36D8A8F9DA36D8A8F9DA36C8
:1097D000D8F78D9DADF818DAF2AEDFD8F7ADFA30D4
:1097E000D9A4DEF9D8F2AEDEFAF983A7D9C3C5C78A
:1097F000F1889BA77AADF7DEDFA4F8849408A797D9
:10980000F300AEF29819A488C6A39488F632DFF26A
:109810008393DB09D9F2AADFD8D8AEF8F9D1DAF30D
:10982000A4DEA7F1889B7AD8F38494AE19F9DAAA5A
:10983000F1DFD8A881C0C3C5C7A39283F628ADDEE7
:10984000D9F8D8A350ADD9F8D8A378ADD9F8D8F8BD
:10985000F9D1A1DADEC3C5C7D8A18194F818F2B056
:1098600089ACC3C5C7F1D8B8B4B09786A8319B06F8
:109870009907AB9728889BF00C201440B0B4B8F03F
:10988000A88A9A285078B79BA829517924705944FE
:109890006938644831F1BBAB88002C547CF0B38B41
:1098A000B8A804285078F1B088B49726A85998BB76
:1098B000ABB38B02264666B0B8F08A9CA8295179D2
:1098C0008B2951798A2470598B2058718A446938C0
:1098D0008B3940688A6448318B30496088F1AC002C
:1098E0002C547CF08CA804285078F1889726A8592D
:1098F00098AC8C02264666F0899CA8295179247080
:1099000059446938644831A98809205970AB113825
:109910004069A8193148608CA83C415C207C00F16A
:1099200087981986A86E767EA999882D557DD8B11D
:10993000B5B9A3DFDFDFAED0DFAAD0DEF2ABF8F936
:10994000D9B087C4AAF1DFDFBBAFDFDFB9D8B1F18F
:10995000A3978E60DFB084F2C8F8F9D9DED893857A
:10996000F14AB183A308B5839A0810B79F10D8F1C4
:10997000B0BAAEB08AC2B2B68E9EF1FBD9F41DD891
:10998000F9D90CF1D8F8F8AD61D9AEFBD8F40CF1E7
:10999000D8F8F8AD19D9AEFBDFD8F416F1D8F8AD88
:1099A0008D61D9F4F4ACF59C9C8DDF2BBAB6AEFA80
:1099B000F8F40BD8F1AED0F8AD51DAAEFAF8F1D830
:1099C000B9B1B6A3839C08B9B1839AB5AAC0FD30DA
:1099D00083B79F10B58B93F20202D1ABDADED8F1D8
:1099E000B080BAABC0C3B284C1C3D8B1B9F38BA342
:1099F00091B609B4D9ABDEB0879CB9A3DDF1B38BC6
:109A00008B8B8B8BB087A3A3A3A3B28BB69BF2A344
:109A1000A3A3A3A3A3A3A3A3A3F1B087B59AA3F37E
:109A20009BA3A3DCBAACDFB9A3A3A3A3A3A3A3A363
:109A3000A3A3A3A3A3A3A3A3D8D8D8BBB3B7F1AAC6
:109A4000F9DAFFD9809AAA28B48098A720B7978717
:109A5000A86688F07951F1902C870CA781976293C2
:109A6000F071716085940129517990A5F1284C6CB1
:109A7000870C95188578A38390284C6C886CD8F354
:109A8000A28200F210A8921980A2F2D926D8F188F9
:109A9000A84DD948D896A83980D93CD89580A839FE
:109AA000A68698D92CDA87A72CD8A8899519A980D9
:109AB000D938D8A88939A980DA3CD8A82EA83990F5
:109AC000D90CD8A8953198D90CD8A809D9FFD801B4
:109AD000DAFFD89539A9DA26FFD890A80D8999A878
:109AE00010809821DA2ED88999A83180DA2ED8A84A
:109AF00086963180DA2ED8A8873180DA2ED8A882CF
:109B000092F34180F1D92ED8A882F31980F1D92E91
:109B1000D882ACF3C0A28022F1A62EA72EA922984B
:109B2000A829DAACDEFFD8A2F22AF1A92E8292A8E7
:109B3000F23180A696F1D900AC8C9C0C30ACDED012
:109B4000DEFFD88C9CACD010ACDE8092A2F24C82AE
:109B5000A8F1CAF235F19688A6D900D8F1FF2900FC
:109B600014010002140129000000000000000000A0
:109B700000000000000000000000000000000000E5
:109B800000000000000000000000000000000000D5
:109B90000000000000000000000000005F5F5F6048
:109BA000606061616161616262626262636363639A
:109BB0006363636364646464646464646464646469
:109BC000646464646464646463636363636363635D
:109BD00062626262626261616161606060605F5F77
:109BE0005F5E5E5E5D5D5D5C5C5C5B5B5A5A5959B5
:109BF0005958585757565655555454535252515117
:109C000050504F4E4E4D4C4C4B4A4A49484847469F
:109C100045454443424241403F3E3E3D3C3B3A394C
:109C2000383837363534333231302F2E2D2C2B2A1D
:109C30002928272625242322211F1E1D1C1B1A1913
:109C4000171615141311100F0E0C0B0A0907060531
:109C50000302010000000000555555555555C53FFC
:109C60007D6FEB0312D6D4BF5544880E55C1C93F52
:109C70003B8F68B52882A4BF88B20175E0EF493FE9
:109C800009F7FD0DE13D023F4B2D8A1C273A03C029
:109C9000C88A599CE52A004059018D1B6C06E6BF15
:109CA00082922EB1C5B8B33F000000000000F03F23
:109CB000000000000000F83F00000000000000006D
:109CC0000000004003B8E23F000000000000000078
:109CD00006D0CF43EBFD4C3E033333333333E33F06
:109CE000FFAB6FDBB66DDB3F4D268F515555D53F32
:109CF00001411DA96074D13F65DBC9934A86CD3F00
:109D0000EF4E454A287ECA3F3E5555555555C53FED
:109D100093BDBE166CC166BF2CDE25AF6A56113FDF
:109D2000F16BD2C541BDBBBED0A4BE726937663EE1
:109D30004FBB610567ACDD3F182D4454FB21E93F63
:109D40009BF681D20B73EF3F182D4454FB21F93F52
:109D5000E2652F227F2B7A3C075C143326A6813CD8
:109D6000BDCBF07A8807703C075C143326A6913C83
:109D7000C4EB98999999C9BF711623FEC671BCBFEF
:109D80006D9A74AFF2B0B3BF9AFDDE522DDEADBF57
:109D90002F6C6A2C44B4A2BF0D5555555555D53F6F
:109DA000FF8300922449C23F6E204CC5CD45B73F8A
:109DB000513DD0A0660DB13FEB0D76244B7BA93F02
:109DC00011DA22E33AAD903F0000000000000000ED
:109DD0007B2273704F32223A25642C2268656172AF
:109DE000745F72617465223A25642C2264656E7317
:109DF000697479223A252E32662C2266616C6C5F7A
:109E0000666C6167223A25642C22636F6C6C6973FF
:109E1000696F6E5F666C6167223A25647D0A000097
:109E20007B2274656D7065726174757265223A2566
:109E3000642C2268756D6964697479223A25642CF2
:109E4000226C6F6E676974756465223A252E3266DE
:109E50002C226C61746974756465223A252E326611
:109E60007D0A0000849E000800000020F010000021
:109E7000240C0008049F0008F010002010220000AD
:109E8000BC450008813201821053127A13BD696407
:109E900008E803132D616408881313596F7308646D
:109EA0008B8D800C8B31550C8B918D3C13418C73B9
:109EB00008145AB54823C40913895F0317080A8098
:109EC0000966669640B29D0F4213168F1B08340434
:109ED00001201A402429CC690401FF01FF01FF0180
:109EE000FF01FF01FF01FF01FF01FF01FF01FF0172
:109EF000FF01FF01FF01FF01EFD4FFFF03031EF489
:049F0000010000005C
:04000005080000ED02
:00000001FF
